Web name,Position,Team,Cost,Selected,Form,Status,Minutes,Goals,Assist,Saves,GC,Season Goals,Season Assists,xA,xG,xGI,xGC,CS,OGs,Pens Missed,Pens Saved,Yellow cards,Red cards,Starts,Was home,Team H Score,Team A Score,Opponent Team,Influence,Creativity,Threat,ICT Index,Bps,Bonus,GW Points,Transfers In,Transfers Out,Next Fixture
Raya,GKP,Arsenal,6.0,38.1,6.0,a,90,0,0,1,0,0,0,0.00,0.00,0.00,0.20,1,0,0,0,0,0,1,True,3.0,0.0,Coventry City,11.8,0.0,0.0,1.2,24,0,6,0,0,Aston Villa (Home)
Arrizabalaga,GKP,Arsenal,5.0,0.1,0.0,a,0,0,0,0,0,0,0,0.00,0.00,0.00,0.00,0,0,0,0,0,0,0,True,3.0,0.0,Coventry City,0.0,0.0,0.0,0.0,0,0,0,0,0,Aston Villa (Home)
Meslier,GKP,Arsenal,5.0,0.0,0.0,a,0,0,0,0,0,0,0,0.00,0.00,0.00,0.00,0,0,0,0,0,0,0,True,3.0,0.0,Coventry City,0.0,0.0,0.0,0.0,0,0,0,0,0,Aston Villa (Home)
Gabriel,DEF,Arsenal,8.0,29.4,5.0,a,90,0,0,0,0,0,0,0.01,0.05,0.06,0.20,1,0,0,0,1,0,1,True,3.0,0.0,Coventry City,6.6,1.8,1.0,0.9,21,0,5,0,0,Aston Villa (Home)
J.Timber,DEF,Arsenal,6.5,0.1,0.0,i,0,0,0,0,0,0,0,0.00,0.00,0.00,0.00,0,0,0,0,0,0,0,True,3.0,0.0,Coventry City,0.0,0.0,0.0,0.0,0,0,0,0,0,Aston Villa (Home)
Saliba,DEF,Arsenal,6.0,0.3,0.0,i,0,0,0,0,0,0,0,0.00,0.00,0.00,0.00,0,0,0,0,0,0,0,True,3.0,0.0,Coventry City,0.0,0.0,0.0,0.0,0,0,0,0,0,Aston Villa (Home)
Lewis-Skelly,MID,Arsenal,5.5,0.7,3.0,a,90,0,0,0,0,0,0,0.11,0.06,0.17,0.20,1,0,0,0,0,0,1,True,3.0,0.0,Coventry City,11.0,22.9,7.0,4.1,15,0,3,0,0,Aston Villa (Home)
Calafiori,DEF,Arsenal,5.5,41.3,9.0,a,80,0,1,0,0,0,1,0.09,0.04,0.13,0.06,1,0,0,0,0,0,1,True,3.0,0.0,Coventry City,26.0,12.2,4.0,4.2,31,0,9,0,0,Aston Villa (Home)
Hincapie,DEF,Arsenal,5.5,1.6,1.0,a,9,0,0,0,0,0,0,0.00,0.00,0.00,0.15,0,0,0,0,0,0,0,True,3.0,0.0,Coventry City,0.4,0.5,0.0,0.1,3,0,1,0,0,Aston Villa (Home)
White,DEF,Arsenal,5.5,5.8,11.0,a,90,0,1,0,0,0,1,0.21,0.18,0.39,0.20,1,0,0,0,0,0,1,True,3.0,0.0,Coventry City,33.2,26.8,13.0,7.3,37,2,11,0,0,Aston Villa (Home)
Mosquera,DEF,Arsenal,5.5,6.0,6.0,a,90,0,0,0,0,0,0,0.00,0.00,0.00,0.20,1,0,0,0,0,0,1,True,3.0,0.0,Coventry City,14.4,0.6,0.0,1.5,27,0,6,0,0,Aston Villa (Home)
Saka,MID,Arsenal,9.5,10.3,9.0,a,67,1,0,0,0,1,0,0.08,0.64,0.72,0.06,1,0,0,0,0,0,1,True,3.0,0.0,Coventry City,42.8,26.1,33.0,10.2,36,1,9,0,0,Aston Villa (Home)
Rice,MID,Arsenal,7.5,17.4,3.0,a,67,0,0,0,0,0,0,0.08,0.07,0.15,0.06,1,0,0,0,0,0,1,True,3.0,0.0,Coventry City,6.8,6.4,2.0,1.5,10,0,3,0,0,Aston Villa (Home)
Eze,MID,Arsenal,6.5,1.9,1.0,a,14,0,0,0,0,0,0,0.00,0.04,0.04,0.15,0,0,0,0,0,0,0,True,3.0,0.0,Coventry City,0.0,1.8,1.0,0.1,4,0,1,0,0,Aston Villa (Home)
Ødegaard,MID,Arsenal,6.5,10.8,11.0,a,75,1,0,0,0,1,0,0.10,0.21,0.31,0.06,1,0,0,0,0,0,1,True,3.0,0.0,Coventry City,50.6,41.5,31.0,12.3,41,3,11,0,0,Aston Villa (Home)
Madueke,MID,Arsenal,6.5,0.3,1.0,a,22,0,0,0,0,0,0,0.04,0.00,0.04,0.15,0,0,0,0,0,0,0,True,3.0,0.0,Coventry City,9.4,43.1,0.0,5.3,8,0,1,0,0,Aston Villa (Home)
Merino,MID,Arsenal,6.0,0.6,1.0,a,14,0,0,0,0,0,0,0.02,0.14,0.16,0.15,0,0,0,0,0,0,0,True,3.0,0.0,Coventry City,3.6,1.2,14.0,1.9,5,0,1,0,0,Aston Villa (Home)
Martinelli,MID,Arsenal,6.4,0.2,0.0,a,0,0,0,0,0,0,0,0.00,0.00,0.00,0.00,0,0,0,0,0,0,0,True,3.0,0.0,Coventry City,0.0,0.0,0.0,0.0,0,0,0,0,0,Aston Villa (Home)
Zubimendi,MID,Arsenal,5.5,1.0,1.0,a,22,0,0,0,0,0,0,0.02,0.00,0.02,0.15,0,0,0,0,0,0,0,True,3.0,0.0,Coventry City,3.8,2.3,0.0,0.6,3,0,1,0,0,Aston Villa (Home)
Dowman,MID,Arsenal,5.5,0.1,0.0,a,0,0,0,0,0,0,0,0.00,0.00,0.00,0.00,0,0,0,0,0,0,0,True,3.0,0.0,Coventry City,0.0,0.0,0.0,0.0,0,0,0,0,0,Aston Villa (Home)
Nwaneri,MID,Arsenal,5.5,0.0,0.0,a,0,0,0,0,0,0,0,0.00,0.00,0.00,0.00,0,0,0,0,0,0,0,True,3.0,0.0,Coventry City,0.0,0.0,0.0,0.0,0,0,0,0,0,Aston Villa (Home)
Fábio Vieira,MID,Arsenal,5.5,0.0,0.0,a,0,0,0,0,0,0,0,0.00,0.00,0.00,0.00,0,0,0,0,0,0,0,True,3.0,0.0,Coventry City,0.0,0.0,0.0,0.0,0,0,0,0,0,Aston Villa (Home)
Nelson,MID,Arsenal,5.5,0.0,0.0,a,0,0,0,0,0,0,0,0.00,0.00,0.00,0.00,0,0,0,0,0,0,0,True,3.0,0.0,Coventry City,0.0,0.0,0.0,0.0,0,0,0,0,0,Aston Villa (Home)
Gyökeres,FWD,Arsenal,7.4,7.6,0.0,a,0,0,0,0,0,0,0,0.00,0.00,0.00,0.00,0,0,0,0,0,0,0,True,3.0,0.0,Coventry City,0.0,0.0,0.0,0.0,0,0,0,0,0,Aston Villa (Home)
Havertz,FWD,Arsenal,7.5,7.0,6.0,a,90,1,0,0,0,1,0,0.03,0.26,0.29,0.20,1,0,0,0,0,0,1,True,3.0,0.0,Coventry City,37.2,13.2,25.0,7.5,34,0,6,0,0,Aston Villa (Home)
G.Jesus,FWD,Arsenal,6.0,0.3,0.0,a,0,0,0,0,0,0,0,0.00,0.00,0.00,0.00,0,0,0,0,0,0,0,True,3.0,0.0,Coventry City,0.0,0.0,0.0,0.0,0,0,0,0,0,Aston Villa (Home)
Konsa,DEF,Arsenal,4.5,11.4,0.0,a,0,0,0,0,0,0,0,0.00,0.00,0.00,0.00,0,0,0,0,0,0,0,True,3.0,0.0,Coventry City,0.0,0.0,0.0,0.0,0,0,0,0,0,Aston Villa (Home)
Bruno G.,MID,Arsenal,7.0,3.2,0.0,d,0,0,0,0,0,0,0,0.00,0.00,0.00,0.00,0,0,0,0,0,0,0,True,3.0,0.0,Coventry City,0.0,0.0,0.0,0.0,0,0,0,0,0,Aston Villa (Home)
Tzolis,MID,Arsenal,6.5,25.8,6.0,a,75,0,1,0,0,0,1,0.14,0.19,0.33,0.06,1,0,0,0,0,0,1,True,3.0,0.0,Coventry City,17.0,39.8,30.0,8.7,30,0,6,0,0,Aston Villa (Home)
Martinez,GKP,Aston Villa,5.0,4.2,0.0,a,0,0,0,0,0,0,0,0.00,0.00,0.00,0.00,0,0,0,0,0,0,0,False,4.0,0.0,Brighton,0.0,0.0,0.0,0.0,0,0,0,0,0,Arsenal (Away)
M.Bizot,GKP,Aston Villa,4.5,0.1,1.0,a,90,0,0,3,4,0,0,0.00,0.00,0.00,3.77,0,0,0,0,0,0,1,False,4.0,0.0,Brighton,28.2,0.0,0.0,2.8,1,0,1,0,0,Arsenal (Away)
Digne,DEF,Aston Villa,4.5,0.1,0.0,u,0,0,0,0,0,0,0,0.00,0.00,0.00,0.00,0,0,0,0,0,0,0,False,4.0,0.0,Brighton,0.0,0.0,0.0,0.0,0,0,0,0,0,Arsenal (Away)
Cash,DEF,Aston Villa,4.5,8.1,-1.0,a,90,0,0,0,4,0,0,0.00,0.00,0.00,3.77,0,0,0,0,1,0,1,False,4.0,0.0,Brighton,12.0,1.1,0.0,1.3,-8,0,-1,0,0,Arsenal (Away)
Mings,DEF,Aston Villa,4.5,0.4,1.0,a,16,0,0,0,0,0,0,0.00,0.00,0.00,0.22,0,0,0,0,0,0,0,False,4.0,0.0,Brighton,2.0,0.0,0.0,0.2,5,0,1,0,0,Arsenal (Away)
Pau,DEF,Aston Villa,4.5,0.4,0.0,a,73,0,0,0,4,0,0,0.00,0.00,0.00,3.55,0,0,0,0,0,0,1,False,4.0,0.0,Brighton,0.0,0.7,0.0,0.0,-14,0,0,0,0,Arsenal (Away)
Bogarde,MID,Aston Villa,5.0,0.1,1.0,a,16,0,0,0,0,0,0,0.00,0.00,0.00,0.22,0,0,0,0,0,0,0,False,4.0,0.0,Brighton,2.2,0.5,0.0,0.3,3,0,1,0,0,Arsenal (Away)
Maatsen,DEF,Aston Villa,4.5,0.8,0.0,a,81,0,0,0,4,0,0,0.00,0.03,0.03,3.62,0,0,0,0,0,0,1,False,4.0,0.0,Brighton,9.2,0.8,3.0,1.3,-9,0,0,0,0,Arsenal (Away)
Lindelöf,DEF,Aston Villa,4.5,0.3,-2.0,a,90,0,0,0,4,0,0,0.00,0.00,0.00,3.77,0,1,0,0,0,0,1,False,4.0,0.0,Brighton,1.8,0.1,0.0,0.2,-13,0,-2,0,0,Arsenal (Away)
A.García,DEF,Aston Villa,4.0,1.7,0.0,a,0,0,0,0,0,0,0,0.00,0.00,0.00,0.00,0,0,0,0,0,0,0,False,4.0,0.0,Brighton,0.0,0.0,0.0,0.0,0,0,0,0,0,Arsenal (Away)
Nedeljkovic,DEF,Aston Villa,4.0,0.2,0.0,u,0,0,0,0,0,0,0,0.00,0.00,0.00,0.00,0,0,0,0,0,0,0,False,4.0,0.0,Brighton,0.0,0.0,0.0,0.0,0,0,0,0,0,Arsenal (Away)
Buendía,MID,Aston Villa,6.0,1.3,2.0,a,85,0,0,0,4,0,0,0.09,0.13,0.22,3.62,0,0,0,0,0,0,1,False,4.0,0.0,Brighton,0.0,16.3,8.0,2.2,4,0,2,0,0,Arsenal (Away)
Bailey,MID,Aston Villa,5.5,0.2,0.0,a,0,0,0,0,0,0,0,0.00,0.00,0.00,0.00,0,0,0,0,0,0,0,False,4.0,0.0,Brighton,0.0,0.0,0.0,0.0,0,0,0,0,0,Arsenal (Away)
McGinn,MID,Aston Villa,5.5,3.0,1.0,a,81,0,0,0,4,0,0,0.01,0.04,0.05,3.62,0,0,0,0,1,0,1,False,4.0,0.0,Brighton,1.6,2.4,1.0,0.5,8,0,1,0,0,Arsenal (Away)
Barkley,MID,Aston Villa,5.0,0.2,2.0,a,73,0,0,0,4,0,0,0.02,0.10,0.12,3.55,0,0,0,0,0,0,1,False,4.0,0.0,Brighton,9.4,21.4,7.0,3.8,11,0,2,0,0,Arsenal (Away)
Kamara,MID,Aston Villa,5.0,0.4,2.0,a,90,0,0,0,4,0,0,0.00,0.00,0.00,3.77,0,0,0,0,0,0,1,False,4.0,0.0,Brighton,11.2,2.8,0.0,1.4,9,0,2,0,0,Arsenal (Away)
Onana,MID,Aston Villa,5.0,0.0,0.0,i,0,0,0,0,0,0,0,0.00,0.00,0.00,0.00,0,0,0,0,0,0,0,False,4.0,0.0,Brighton,0.0,0.0,0.0,0.0,0,0,0,0,0,Arsenal (Away)
Iling Jr,MID,Aston Villa,5.0,0.0,0.0,u,0,0,0,0,0,0,0,0.00,0.00,0.00,0.00,0,0,0,0,0,0,0,False,4.0,0.0,Brighton,0.0,0.0,0.0,0.0,0,0,0,0,0,Arsenal (Away)
Burrowes,MID,Aston Villa,4.5,0.7,0.0,a,0,0,0,0,0,0,0,0.00,0.00,0.00,0.00,0,0,0,0,0,0,0,False,4.0,0.0,Brighton,0.0,0.0,0.0,0.0,0,0,0,0,0,Arsenal (Away)
George Hemmings,MID,Aston Villa,4.5,0.7,2.0,a,90,0,0,0,4,0,0,0.00,0.00,0.00,3.77,0,0,0,0,0,0,1,False,4.0,0.0,Brighton,10.6,11.6,2.0,2.4,12,0,2,0,0,Arsenal (Away)
Alysson,MID,Aston Villa,5.0,0.0,1.0,a,8,0,0,0,0,0,0,0.00,0.00,0.00,0.14,0,0,0,0,0,0,0,False,4.0,0.0,Brighton,4.0,0.0,0.0,0.4,5,0,1,0,0,Arsenal (Away)
Manzambi,MID,Aston Villa,6.0,0.2,0.0,i,0,0,0,0,0,0,0,0.00,0.00,0.00,0.00,0,0,0,0,0,0,0,False,4.0,0.0,Brighton,0.0,0.0,0.0,0.0,0,0,0,0,0,Arsenal (Away)
Gomes,MID,Aston Villa,5.5,0.1,-2.0,s,39,0,0,0,4,0,0,0.01,0.00,0.01,2.58,0,0,0,0,0,1,1,False,4.0,0.0,Brighton,1.0,11.0,0.0,1.2,-2,0,-2,0,0,Arsenal (Away)
Watkins,FWD,Aston Villa,8.0,9.0,0.0,a,0,0,0,0,0,0,0,0.00,0.00,0.00,0.00,0,0,0,0,0,0,0,False,4.0,0.0,Brighton,0.0,0.0,0.0,0.0,0,0,0,0,0,Arsenal (Away)
Abraham,FWD,Aston Villa,5.5,0.1,0.0,d,0,0,0,0,0,0,0,0.00,0.00,0.00,0.00,0,0,0,0,0,0,0,False,4.0,0.0,Brighton,0.0,0.0,0.0,0.0,0,0,0,0,0,Arsenal (Away)
Garnacho,MID,Aston Villa,6.0,0.6,1.0,a,4,0,0,0,0,0,0,0.00,0.00,0.00,0.14,0,0,0,0,0,0,0,False,4.0,0.0,Brighton,0.0,0.0,0.0,0.0,2,0,1,0,0,Arsenal (Away)
Madjo,FWD,Aston Villa,5.5,0.4,0.0,i,0,0,0,0,0,0,0,0.00,0.00,0.00,0.00,0,0,0,0,0,0,0,False,4.0,0.0,Brighton,0.0,0.0,0.0,0.0,0,0,0,0,0,Arsenal (Away)
Ruggeri,DEF,Aston Villa,4.5,0.1,1.0,a,8,0,0,0,0,0,0,0.00,0.00,0.00,0.14,0,0,0,0,0,0,0,False,4.0,0.0,Brighton,4.0,0.0,0.0,0.4,3,0,1,0,0,Arsenal (Away)
Suzuki,GKP,Aston Villa,5.0,0.8,0.0,a,0,0,0,0,0,0,0,0.00,0.00,0.00,0.00,0,0,0,0,0,0,0,False,4.0,0.0,Brighton,0.0,0.0,0.0,0.0,0,0,0,0,0,Arsenal (Away)
Rowe,DEF,Aston Villa,4.0,0.0,0.0,a,0,0,0,0,0,0,0,0.00,0.00,0.00,0.00,0,0,0,0,0,0,0,False,4.0,0.0,Brighton,0.0,0.0,0.0,0.0,0,0,0,0,0,Arsenal (Away)
Lynch,MID,Aston Villa,4.5,0.1,0.0,a,0,0,0,0,0,0,0,0.00,0.00,0.00,0.00,0,0,0,0,0,0,0,False,4.0,0.0,Brighton,0.0,0.0,0.0,0.0,0,0,0,0,0,Arsenal (Away)
Wan-Bissaka,DEF,Aston Villa,4.5,0.0,0.0,a,0,0,0,0,0,0,0,0.00,0.00,0.00,0.00,0,0,0,0,0,0,0,False,,,,0.0,0.0,0.0,0.0,0,0,0,0,0,Arsenal (Away)
Petrović,GKP,Bournemouth,4.5,3.3,2.0,a,90,0,0,4,2,0,0,0.00,0.00,0.00,2.25,0,0,0,0,0,0,1,False,2.0,1.0,Man City,36.8,0.0,0.0,3.7,13,0,2,0,0,Everton (Away)
Forster,GKP,Bournemouth,4.0,3.2,0.0,a,0,0,0,0,0,0,0,0.00,0.00,0.00,0.00,0,0,0,0,0,0,0,False,2.0,1.0,Man City,0.0,0.0,0.0,0.0,0,0,0,0,0,Everton (Away)
Dennis,GKP,Bournemouth,4.0,0.2,0.0,a,0,0,0,0,0,0,0,0.00,0.00,0.00,0.00,0,0,0,0,0,0,0,False,2.0,1.0,Man City,0.0,0.0,0.0,0.0,0,0,0,0,0,Everton (Away)
Hill,DEF,Bournemouth,5.5,0.9,1.0,a,90,0,0,0,2,0,0,0.00,0.00,0.00,2.25,0,0,0,0,0,0,1,False,2.0,1.0,Man City,11.6,0.3,0.0,1.2,0,0,1,0,0,Everton (Away)
Truffert,DEF,Bournemouth,5.5,4.3,1.0,a,90,0,0,0,2,0,0,0.00,0.00,0.00,2.25,0,0,0,0,0,0,1,False,2.0,1.0,Man City,15.4,1.3,0.0,1.7,0,0,1,0,0,Everton (Away)
Diakité,DEF,Bournemouth,5.0,0.2,0.0,a,0,0,0,0,0,0,0,0.00,0.00,0.00,0.00,0,0,0,0,0,0,0,False,2.0,1.0,Man City,0.0,0.0,0.0,0.0,0,0,0,0,0,Everton (Away)
Milosavljević,DEF,Bournemouth,5.0,0.0,0.0,i,0,0,0,0,0,0,0,0.00,0.00,0.00,0.00,0,0,0,0,0,0,0,False,2.0,1.0,Man City,0.0,0.0,0.0,0.0,0,0,0,0,0,Everton (Away)
Smith,DEF,Bournemouth,4.5,0.1,1.0,a,90,0,0,0,2,0,0,0.00,0.00,0.00,2.25,0,0,0,0,0,0,1,False,2.0,1.0,Man City,7.0,0.6,0.0,0.8,4,0,1,0,0,Everton (Away)
J.Araujo,DEF,Bournemouth,4.5,0.0,0.0,i,0,0,0,0,0,0,0,0.00,0.00,0.00,0.00,0,0,0,0,0,0,0,False,2.0,1.0,Man City,0.0,0.0,0.0,0.0,0,0,0,0,0,Everton (Away)
Soler,DEF,Bournemouth,4.0,0.2,0.0,d,0,0,0,0,0,0,0,0.00,0.00,0.00,0.00,0,0,0,0,0,0,0,False,2.0,1.0,Man City,0.0,0.0,0.0,0.0,0,0,0,0,0,Everton (Away)
Rayan,MID,Bournemouth,6.5,2.8,2.0,a,88,0,0,0,1,0,0,0.03,0.04,0.07,2.06,0,0,0,0,0,0,1,False,2.0,1.0,Man City,6.2,11.3,17.0,3.5,9,0,2,0,0,Everton (Away)
Tavernier,MID,Bournemouth,6.0,2.1,10.0,a,90,1,0,0,2,1,0,0.08,0.40,0.48,2.25,0,0,0,0,0,0,1,False,2.0,1.0,Man City,40.0,17.2,18.0,7.5,32,3,10,0,0,Everton (Away)
Scott,MID,Bournemouth,6.0,1.5,2.0,a,90,0,0,0,2,0,0,0.01,0.00,0.01,2.25,0,0,0,0,0,0,1,False,2.0,1.0,Man City,11.4,4.8,0.0,1.6,17,0,2,0,0,Everton (Away)
Kluivert,MID,Bournemouth,6.0,1.2,3.0,a,74,0,0,0,0,0,0,0.00,0.11,0.11,1.94,1,0,0,0,0,0,1,False,2.0,1.0,Man City,11.0,14.3,17.0,4.2,15,0,3,0,0,Everton (Away)
Cook,MID,Bournemouth,5.0,0.2,3.0,a,75,0,0,0,0,0,0,0.00,0.00,0.00,1.94,1,0,0,0,0,0,1,False,2.0,1.0,Man City,4.6,2.1,0.0,0.7,8,0,3,0,0,Everton (Away)
Gannon-Doak,MID,Bournemouth,5.0,0.1,1.0,a,1,0,0,0,1,0,0,0.00,0.00,0.00,0.19,0,0,0,0,0,0,0,False,2.0,1.0,Man City,0.2,0.1,2.0,0.2,3,0,1,0,0,Everton (Away)
Adams,MID,Bournemouth,5.0,0.2,1.0,a,15,0,0,0,2,0,0,0.00,0.00,0.00,0.31,0,0,0,0,0,0,0,False,2.0,1.0,Man City,3.6,0.6,0.0,0.4,4,0,1,0,0,Everton (Away)
Brooks,MID,Bournemouth,5.0,0.1,0.0,a,0,0,0,0,0,0,0,0.00,0.00,0.00,0.00,0,0,0,0,0,0,0,False,2.0,1.0,Man City,0.0,0.0,0.0,0.0,0,0,0,0,0,Everton (Away)
Christie,MID,Bournemouth,5.0,0.0,0.0,a,0,0,0,0,0,0,0,0.00,0.00,0.00,0.00,0,0,0,0,0,0,0,False,2.0,1.0,Man City,0.0,0.0,0.0,0.0,0,0,0,0,0,Everton (Away)
Tóth.A,MID,Bournemouth,5.0,0.0,1.0,a,15,0,0,0,2,0,0,0.00,0.00,0.00,0.31,0,0,0,0,0,0,0,False,2.0,1.0,Man City,2.8,0.6,0.0,0.3,5,0,1,0,0,Everton (Away)
Adli,MID,Bournemouth,5.0,0.0,0.0,i,0,0,0,0,0,0,0,0.00,0.00,0.00,0.00,0,0,0,0,0,0,0,False,2.0,1.0,Man City,0.0,0.0,0.0,0.0,0,0,0,0,0,Everton (Away)
Kroupi.Jr,MID,Bournemouth,7.5,0.4,0.0,i,0,0,0,0,0,0,0,0.00,0.00,0.00,0.00,0,0,0,0,0,0,0,False,2.0,1.0,Man City,0.0,0.0,0.0,0.0,0,0,0,0,0,Everton (Away)
Evanilson,FWD,Bournemouth,6.0,2.7,4.0,a,74,0,1,0,0,0,1,0.21,0.00,0.21,1.94,1,0,0,0,1,0,1,False,2.0,1.0,Man City,19.4,11.9,2.0,3.3,17,0,4,0,0,Everton (Away)
Enes Ünal,FWD,Bournemouth,5.5,0.0,0.0,u,0,0,0,0,0,0,0,0.00,0.00,0.00,0.00,0,0,0,0,0,0,0,False,2.0,1.0,Man City,0.0,0.0,0.0,0.0,0,0,0,0,0,Everton (Away)
Rodríguez,FWD,Bournemouth,6.0,0.1,0.0,a,0,0,0,0,0,0,0,0.00,0.00,0.00,0.00,0,0,0,0,0,0,0,False,2.0,1.0,Man City,0.0,0.0,0.0,0.0,0,0,0,0,0,Everton (Away)
Silva,DEF,Bournemouth,5.0,0.3,2.0,a,90,0,0,0,2,0,0,0.00,0.00,0.00,2.25,0,0,0,0,1,0,1,False,2.0,1.0,Man City,31.4,0.3,0.0,3.2,5,0,2,0,0,Everton (Away)
Sanchez,DEF,Bournemouth,4.5,0.2,0.0,a,0,0,0,0,0,0,0,0.00,0.00,0.00,0.00,0,0,0,0,0,0,0,False,2.0,1.0,Man City,0.0,0.0,0.0,0.0,0,0,0,0,0,Everton (Away)
Jebbison,FWD,Bournemouth,5.0,0.0,1.0,a,15,0,0,0,2,0,0,0.00,0.10,0.10,0.31,0,0,0,0,0,0,0,False,2.0,1.0,Man City,3.4,0.8,17.0,2.1,6,0,1,0,0,Everton (Away)
Kelleher,GKP,Brentford,5.0,6.3,7.0,a,90,0,0,4,0,0,0,0.01,0.00,0.01,0.57,1,0,0,0,0,0,1,True,3.0,0.0,Spurs,31.4,0.0,0.0,3.1,34,0,7,0,0,Leeds (Home)
Valdimarsson,GKP,Brentford,4.5,0.1,0.0,a,0,0,0,0,0,0,0,0.00,0.00,0.00,0.00,0,0,0,0,0,0,0,True,3.0,0.0,Spurs,0.0,0.0,0.0,0.0,0,0,0,0,0,Leeds (Home)
Collins,DEF,Brentford,5.5,2.0,6.0,a,90,0,0,0,0,0,0,0.04,0.34,0.38,0.57,1,0,0,0,0,0,1,True,3.0,0.0,Spurs,11.6,21.5,17.0,5.0,21,0,6,0,0,Leeds (Home)
Van den Berg,DEF,Brentford,5.0,0.1,0.0,i,0,0,0,0,0,0,0,0.00,0.00,0.00,0.00,0,0,0,0,0,0,0,True,3.0,0.0,Spurs,0.0,0.0,0.0,0.0,0,0,0,0,0,Leeds (Home)
Lewis-Potter,MID,Brentford,5.5,0.8,10.0,a,90,1,0,0,0,1,0,0.12,0.77,0.89,0.57,1,0,0,0,0,0,1,True,3.0,0.0,Spurs,47.2,15.9,19.0,8.2,37,2,10,0,0,Leeds (Home)
Ajer,DEF,Brentford,4.5,3.8,8.0,a,90,0,0,0,0,0,0,0.02,0.11,0.13,0.57,1,0,0,0,0,0,1,True,3.0,0.0,Spurs,20.0,0.9,35.0,5.6,29,0,8,0,0,Leeds (Home)
Kayode,DEF,Brentford,4.5,6.1,13.0,a,75,1,0,0,0,1,0,0.00,0.50,0.50,0.47,1,0,0,0,0,0,1,True,3.0,0.0,Spurs,33.8,1.5,46.0,8.1,36,1,13,0,0,Leeds (Home)
Henry,DEF,Brentford,4.5,0.3,0.0,a,0,0,0,0,0,0,0,0.00,0.00,0.00,0.00,0,0,0,0,0,0,0,True,3.0,0.0,Spurs,0.0,0.0,0.0,0.0,0,0,0,0,0,Leeds (Home)
Hickey,DEF,Brentford,4.5,0.1,1.0,a,14,0,0,0,0,0,0,0.00,0.00,0.00,0.10,0,0,0,0,0,0,0,True,3.0,0.0,Spurs,0.0,0.3,0.0,0.0,2,0,1,0,0,Leeds (Home)
Pinnock,DEF,Brentford,4.5,0.1,0.0,a,0,0,0,0,0,0,0,0.00,0.00,0.00,0.00,0,0,0,0,0,0,0,True,3.0,0.0,Spurs,0.0,0.0,0.0,0.0,0,0,0,0,0,Leeds (Home)
Ji-soo,DEF,Brentford,4.5,0.0,0.0,a,0,0,0,0,0,0,0,0.00,0.00,0.00,0.00,0,0,0,0,0,0,0,True,3.0,0.0,Spurs,0.0,0.0,0.0,0.0,0,0,0,0,0,Leeds (Home)
Schuster,DEF,Brentford,4.5,0.2,0.0,a,0,0,0,0,0,0,0,0.00,0.00,0.00,0.00,0,0,0,0,0,0,0,True,3.0,0.0,Spurs,0.0,0.0,0.0,0.0,0,0,0,0,0,Leeds (Home)
Schade,MID,Brentford,6.0,3.5,3.0,a,90,0,0,0,0,0,0,0.01,0.52,0.53,0.57,1,0,0,0,0,0,1,True,3.0,0.0,Spurs,14.4,11.8,59.0,8.5,17,0,3,0,0,Leeds (Home)
O.Dango,MID,Brentford,6.5,1.2,3.0,a,66,0,0,0,0,0,0,0.29,0.05,0.34,0.47,1,0,0,0,0,0,1,True,3.0,0.0,Spurs,1.0,30.8,15.0,4.7,6,0,3,0,0,Leeds (Home)
Damsgaard,MID,Brentford,5.5,0.6,1.0,a,14,0,0,0,0,0,0,0.11,0.00,0.11,0.10,0,0,0,0,0,0,0,True,3.0,0.0,Spurs,7.6,26.3,0.0,3.4,6,0,1,0,0,Leeds (Home)
Jensen,MID,Brentford,5.5,0.2,6.0,a,66,0,1,0,0,0,1,0.34,0.08,0.42,0.47,1,0,0,0,0,0,1,True,3.0,0.0,Spurs,12.6,46.2,13.0,7.2,22,0,6,0,0,Leeds (Home)
Janelt,MID,Brentford,5.0,0.3,9.0,a,90,1,0,0,0,1,0,0.17,0.39,0.56,0.57,1,0,0,0,1,0,1,True,3.0,0.0,Spurs,53.2,38.8,24.0,11.6,35,0,9,0,0,Leeds (Home)
Milambo,MID,Brentford,5.0,0.0,0.0,i,0,0,0,0,0,0,0,0.00,0.00,0.00,0.00,0,0,0,0,0,0,0,True,3.0,0.0,Spurs,0.0,0.0,0.0,0.0,0,0,0,0,0,Leeds (Home)
Carvalho,MID,Brentford,5.0,0.0,0.0,a,0,0,0,0,0,0,0,0.00,0.00,0.00,0.00,0,0,0,0,0,0,0,True,3.0,0.0,Spurs,0.0,0.0,0.0,0.0,0,0,0,0,0,Leeds (Home)
Yarmoliuk,MID,Brentford,5.0,1.2,1.0,a,23,0,0,0,0,0,0,0.00,0.04,0.04,0.10,0,0,0,0,0,0,0,True,3.0,0.0,Spurs,2.2,0.8,3.0,0.6,7,0,1,0,0,Leeds (Home)
Dasilva,MID,Brentford,5.0,0.0,0.0,a,0,0,0,0,0,0,0,0.00,0.00,0.00,0.00,0,0,0,0,0,0,0,True,3.0,0.0,Spurs,0.0,0.0,0.0,0.0,0,0,0,0,0,Leeds (Home)
Anthony,MID,Brentford,6.0,0.2,1.0,a,23,0,0,0,0,0,0,0.35,0.03,0.38,0.10,0,0,0,0,0,0,0,True,3.0,0.0,Spurs,10.6,34.9,1.0,4.7,9,0,1,0,0,Leeds (Home)
Thiago,FWD,Brentford,8.0,17.0,0.0,a,82,0,0,0,0,0,0,0.08,1.00,1.08,0.50,1,0,1,0,0,0,1,True,3.0,0.0,Spurs,2.2,4.0,8.0,1.4,-3,0,0,0,0,Leeds (Home)
Furo,FWD,Brentford,4.5,0.9,0.0,a,0,0,0,0,0,0,0,0.00,0.00,0.00,0.00,0,0,0,0,0,0,0,True,3.0,0.0,Spurs,0.0,0.0,0.0,0.0,0,0,0,0,0,Leeds (Home)
Wilson,FWD,Brentford,5.5,0.4,1.0,a,7,0,0,0,0,0,0,0.04,0.03,0.07,0.07,0,0,0,0,0,0,0,True,3.0,0.0,Spurs,2.2,10.3,5.0,1.8,4,0,1,0,0,Leeds (Home)
M.Sangaré,MID,Brentford,5.6,6.7,14.0,a,75,0,2,0,0,0,2,0.33,0.05,0.38,0.47,1,0,0,0,0,0,1,True,3.0,0.0,Spurs,31.6,21.8,21.0,7.4,41,3,14,0,0,Leeds (Home)
Verbruggen,GKP,Brighton,4.5,21.6,6.0,a,90,0,0,0,0,0,0,0.00,0.00,0.00,0.29,1,0,0,0,0,0,1,True,4.0,0.0,Aston Villa,6.6,0.0,0.0,0.7,25,0,6,0,0,Chelsea (Home)
Steele,GKP,Brighton,4.0,4.1,0.0,a,0,0,0,0,0,0,0,0.00,0.00,0.00,0.00,0,0,0,0,0,0,0,True,4.0,0.0,Aston Villa,0.0,0.0,0.0,0.0,0,0,0,0,0,Chelsea (Home)
F.Kadıoğlu,DEF,Brighton,4.5,2.4,0.0,d,0,0,0,0,0,0,0,0.00,0.00,0.00,0.00,0,0,0,0,0,0,0,True,4.0,0.0,Aston Villa,0.0,0.0,0.0,0.0,0,0,0,0,0,Chelsea (Home)
Boscagli,DEF,Brighton,4.5,0.3,6.0,a,90,0,0,0,0,0,0,0.04,0.00,0.04,0.29,1,0,0,0,0,0,1,True,4.0,0.0,Aston Villa,15.2,7.3,6.0,2.9,29,0,6,0,0,Chelsea (Home)
De Cuyper,DEF,Brighton,4.6,6.0,17.0,a,77,1,1,0,0,1,1,0.21,1.47,1.68,0.29,1,0,0,0,0,0,1,True,4.0,0.0,Aston Villa,40.6,45.3,43.0,12.9,46,2,17,0,0,Chelsea (Home)
Dunk,DEF,Brighton,4.5,1.1,6.0,a,90,0,0,0,0,0,0,0.04,0.00,0.04,0.29,1,0,0,0,0,0,1,True,4.0,0.0,Aston Villa,13.4,6.4,0.0,2.0,24,0,6,0,0,Chelsea (Home)
Coppola,DEF,Brighton,4.5,0.0,0.0,a,0,0,0,0,0,0,0,0.00,0.00,0.00,0.00,0,0,0,0,0,0,0,True,4.0,0.0,Aston Villa,0.0,0.0,0.0,0.0,0,0,0,0,0,Chelsea (Home)
Igor,DEF,Brighton,4.5,0.1,0.0,a,0,0,0,0,0,0,0,0.00,0.00,0.00,0.00,0,0,0,0,0,0,0,True,4.0,0.0,Aston Villa,0.0,0.0,0.0,0.0,0,0,0,0,0,Chelsea (Home)
Costinha,DEF,Brighton,4.5,0.0,1.0,a,26,0,0,0,0,0,0,0.00,0.12,0.12,0.10,0,0,0,0,0,0,0,True,4.0,0.0,Aston Villa,8.2,1.9,18.0,2.8,7,0,1,0,0,Chelsea (Home)
Svoboda,DEF,Brighton,5.0,0.1,0.0,a,0,0,0,0,0,0,0,0.00,0.00,0.00,0.00,0,0,0,0,0,0,0,True,4.0,0.0,Aston Villa,0.0,0.0,0.0,0.0,0,0,0,0,0,Chelsea (Home)
Mitoma,MID,Brighton,6.0,0.0,0.0,i,0,0,0,0,0,0,0,0.00,0.00,0.00,0.00,0,0,0,0,0,0,0,True,4.0,0.0,Aston Villa,0.0,0.0,0.0,0.0,0,0,0,0,0,Chelsea (Home)
Minteh,MID,Brighton,6.0,0.1,0.0,i,0,0,0,0,0,0,0,0.00,0.00,0.00,0.00,0,0,0,0,0,0,0,True,4.0,0.0,Aston Villa,0.0,0.0,0.0,0.0,0,0,0,0,0,Chelsea (Home)
Hinshelwood,MID,Brighton,6.0,2.0,16.0,a,63,2,0,0,0,2,0,0.02,1.41,1.43,0.19,1,0,0,0,0,0,1,True,4.0,0.0,Aston Villa,72.8,13.4,59.0,14.5,54,3,16,0,0,Chelsea (Home)
Groß,MID,Brighton,5.5,13.4,2.0,a,90,0,0,0,0,0,0,0.27,0.00,0.27,0.29,1,0,0,0,1,0,1,True,4.0,0.0,Aston Villa,21.0,56.9,8.0,8.6,18,0,2,0,0,Chelsea (Home)
Georginio,FWD,Brighton,5.5,1.1,5.0,a,90,0,1,0,0,0,1,0.44,0.08,0.52,0.29,1,0,0,0,0,0,1,True,4.0,0.0,Aston Villa,19.8,11.4,15.0,4.6,22,0,5,0,0,Chelsea (Home)
O'Riley,MID,Brighton,5.5,0.1,0.0,a,0,0,0,0,0,0,0,0.00,0.00,0.00,0.00,0,0,0,0,0,0,0,True,4.0,0.0,Aston Villa,0.0,0.0,0.0,0.0,0,0,0,0,0,Chelsea (Home)
Gomez,MID,Brighton,5.0,3.8,6.0,a,85,0,1,0,0,0,1,0.48,0.18,0.66,0.29,1,0,0,0,0,0,1,True,4.0,0.0,Aston Villa,33.0,25.1,41.0,9.9,27,0,6,0,0,Chelsea (Home)
Buonanotte,MID,Brighton,5.0,0.0,0.0,u,0,0,0,0,0,0,0,0.00,0.00,0.00,0.00,0,0,0,0,0,0,0,True,4.0,0.0,Aston Villa,0.0,0.0,0.0,0.0,0,0,0,0,0,Chelsea (Home)
Ayari,MID,Brighton,5.5,0.7,2.0,a,63,0,0,0,0,0,0,0.03,0.11,0.14,0.19,1,0,0,0,1,0,1,True,4.0,0.0,Aston Villa,0.0,15.0,6.0,1.7,8,0,2,0,0,Chelsea (Home)
Wieffer,DEF,Brighton,5.0,0.4,7.0,a,77,0,0,0,0,0,0,0.05,0.09,0.14,0.29,1,0,0,0,0,0,1,True,4.0,0.0,Aston Villa,16.6,26.3,6.0,4.9,32,1,7,0,0,Chelsea (Home)
Baleba,MID,Brighton,5.0,0.2,0.0,i,0,0,0,0,0,0,0,0.00,0.00,0.00,0.00,0,0,0,0,0,0,0,True,4.0,0.0,Aston Villa,0.0,0.0,0.0,0.0,0,0,0,0,0,Chelsea (Home)
Howell,MID,Brighton,4.5,0.1,0.0,u,0,0,0,0,0,0,0,0.00,0.00,0.00,0.00,0,0,0,0,0,0,0,True,4.0,0.0,Aston Villa,0.0,0.0,0.0,0.0,0,0,0,0,0,Chelsea (Home)
Watson,MID,Brighton,5.0,0.0,0.0,u,0,0,0,0,0,0,0,0.00,0.00,0.00,0.00,0,0,0,0,0,0,0,True,4.0,0.0,Aston Villa,0.0,0.0,0.0,0.0,0,0,0,0,0,Chelsea (Home)
Oriola,MID,Brighton,4.5,0.3,0.0,a,0,0,0,0,0,0,0,0.00,0.00,0.00,0.00,0,0,0,0,0,0,0,True,4.0,0.0,Aston Villa,0.0,0.0,0.0,0.0,0,0,0,0,0,Chelsea (Home)
Yohanna,MID,Brighton,5.0,0.1,1.0,a,12,0,0,0,0,0,0,0.03,0.00,0.03,0.00,0,0,0,0,0,0,0,True,4.0,0.0,Aston Villa,0.2,1.3,0.0,0.2,3,0,1,0,0,Chelsea (Home)
Tzimas,FWD,Brighton,5.5,0.0,0.0,i,0,0,0,0,0,0,0,0.00,0.00,0.00,0.00,0,0,0,0,0,0,0,True,4.0,0.0,Aston Villa,0.0,0.0,0.0,0.0,0,0,0,0,0,Chelsea (Home)
Kostoulas,FWD,Brighton,5.5,0.2,1.0,a,26,0,0,0,0,0,0,0.00,0.18,0.18,0.10,0,0,0,0,0,0,0,True,4.0,0.0,Aston Villa,0.0,0.4,10.0,0.9,-1,0,1,0,0,Chelsea (Home)
Ferguson,FWD,Brighton,5.0,0.0,0.0,i,0,0,0,0,0,0,0,0.00,0.00,0.00,0.00,0,0,0,0,0,0,0,True,4.0,0.0,Aston Villa,0.0,0.0,0.0,0.0,0,0,0,0,0,Chelsea (Home)
Struijk,DEF,Brighton,5.0,0.2,0.0,a,0,0,0,0,0,0,0,0.00,0.00,0.00,0.00,0,0,0,0,0,0,0,True,4.0,0.0,Aston Villa,0.0,0.0,0.0,0.0,0,0,0,0,0,Chelsea (Home)
Vuskovic,DEF,Brighton,5.0,2.5,6.0,a,90,0,0,0,0,0,0,0.03,0.13,0.16,0.29,1,0,0,0,0,0,1,True,4.0,0.0,Aston Villa,12.4,4.5,12.0,2.9,19,0,6,0,0,Chelsea (Home)
David,FWD,Brighton,6.0,0.3,0.0,a,0,0,0,0,0,0,0,0.00,0.00,0.00,0.00,0,0,0,0,0,0,0,True,4.0,0.0,Aston Villa,0.0,0.0,0.0,0.0,0,0,0,0,0,Chelsea (Home)
Osman,MID,Brighton,5.0,0.0,1.0,a,12,0,0,0,0,0,0,0.05,0.00,0.05,0.00,0,0,0,0,0,0,0,True,4.0,0.0,Aston Villa,4.2,15.4,4.0,2.4,7,0,1,0,0,Chelsea (Home)
Yalcouyé,MID,Brighton,4.5,0.1,1.0,a,4,0,0,0,0,0,0,0.01,0.00,0.01,0.00,0,0,0,0,0,0,0,True,4.0,0.0,Aston Villa,0.6,2.7,0.0,0.3,3,0,1,0,0,Chelsea (Home)
Rogers,MID,Chelsea,7.5,25.6,8.0,a,81,1,0,0,2,1,0,0.10,0.96,1.06,1.24,0,0,0,0,0,0,1,False,2.0,3.0,Fulham,48.8,53.5,29.0,13.1,37,1,8,0,0,Brighton (Away)
Henderson,MID,Chelsea,5.0,0.0,0.0,d,0,0,0,0,0,0,0,0.00,0.00,0.00,0.00,0,0,0,0,0,0,0,False,2.0,3.0,Fulham,0.0,0.0,0.0,0.0,0,0,0,0,0,Brighton (Away)
Welbeck,FWD,Chelsea,6.0,1.0,0.0,a,0,0,0,0,0,0,0,0.00,0.00,0.00,0.00,0,0,0,0,0,0,0,False,2.0,3.0,Fulham,0.0,0.0,0.0,0.0,0,0,0,0,0,Brighton (Away)
Sánchez,GKP,Chelsea,5.0,2.4,2.0,a,90,0,0,4,2,0,0,0.01,0.00,0.01,1.33,0,0,0,0,0,0,1,False,2.0,3.0,Fulham,21.4,0.0,0.0,2.1,6,0,2,0,0,Brighton (Away)
Jörgensen,GKP,Chelsea,5.0,0.0,0.0,u,0,0,0,0,0,0,0,0.00,0.00,0.00,0.00,0,0,0,0,0,0,0,False,2.0,3.0,Fulham,0.0,0.0,0.0,0.0,0,0,0,0,0,Brighton (Away)
James,DEF,Chelsea,5.5,10.1,0.0,a,90,0,0,0,2,0,0,0.07,0.10,0.17,1.33,0,0,0,0,1,0,1,False,2.0,3.0,Fulham,23.4,16.8,19.0,5.9,5,0,0,0,0,Brighton (Away)
Chalobah,DEF,Chelsea,5.5,0.2,0.0,u,0,0,0,0,0,0,0,0.00,0.00,0.00,0.00,0,0,0,0,0,0,0,False,2.0,3.0,Fulham,0.0,0.0,0.0,0.0,0,0,0,0,0,Brighton (Away)
Gusto,DEF,Chelsea,5.0,1.2,1.0,a,75,0,0,0,2,0,0,0.03,0.00,0.03,1.11,0,0,0,0,0,0,1,False,2.0,3.0,Fulham,7.2,9.8,6.0,2.3,2,0,1,0,0,Brighton (Away)
Fofana,DEF,Chelsea,5.0,0.0,0.0,a,0,0,0,0,0,0,0,0.00,0.00,0.00,0.00,0,0,0,0,0,0,0,False,2.0,3.0,Fulham,0.0,0.0,0.0,0.0,0,0,0,0,0,Brighton (Away)
B.Badiashile,DEF,Chelsea,4.5,0.0,0.0,u,0,0,0,0,0,0,0,0.00,0.00,0.00,0.00,0,0,0,0,0,0,0,False,2.0,3.0,Fulham,0.0,0.0,0.0,0.0,0,0,0,0,0,Brighton (Away)
Tosin,DEF,Chelsea,4.5,0.2,0.0,a,0,0,0,0,0,0,0,0.00,0.00,0.00,0.00,0,0,0,0,0,0,0,False,2.0,3.0,Fulham,0.0,0.0,0.0,0.0,0,0,0,0,0,Brighton (Away)
Hato,DEF,Chelsea,4.5,0.5,1.0,a,64,0,0,0,2,0,0,0.03,0.01,0.04,1.05,0,0,0,0,0,0,1,False,2.0,3.0,Fulham,8.4,12.3,11.0,3.2,5,0,1,0,0,Brighton (Away)
Colwill,DEF,Chelsea,5.0,1.6,0.0,a,90,0,0,0,2,0,0,0.03,0.01,0.04,1.33,0,0,0,0,1,0,1,False,2.0,3.0,Fulham,6.0,1.6,7.0,1.5,6,0,0,0,0,Brighton (Away)
M.Sarr,DEF,Chelsea,4.5,0.1,0.0,a,0,0,0,0,0,0,0,0.00,0.00,0.00,0.00,0,0,0,0,0,0,0,False,2.0,3.0,Fulham,0.0,0.0,0.0,0.0,0,0,0,0,0,Brighton (Away)
Acheampong,DEF,Chelsea,4.5,0.3,3.0,a,90,0,0,0,2,0,0,0.01,0.00,0.01,1.33,0,0,0,0,0,0,1,False,2.0,3.0,Fulham,33.2,2.2,2.0,3.7,13,0,3,0,0,Brighton (Away)
Palestra,DEF,Chelsea,5.5,2.6,0.0,d,0,0,0,0,0,0,0,0.00,0.00,0.00,0.00,0,0,0,0,0,0,0,False,2.0,3.0,Fulham,0.0,0.0,0.0,0.0,0,0,0,0,0,Brighton (Away)
Disasi,DEF,Chelsea,4.5,0.1,0.0,a,0,0,0,0,0,0,0,0.00,0.00,0.00,0.00,0,0,0,0,0,0,0,False,2.0,3.0,Fulham,0.0,0.0,0.0,0.0,0,0,0,0,0,Brighton (Away)
Palmer,MID,Chelsea,9.5,13.3,13.0,a,82,1,1,0,2,1,1,0.19,0.28,0.47,1.24,0,0,0,0,0,0,1,False,2.0,3.0,Fulham,65.2,41.3,54.0,16.1,60,3,13,0,0,Brighton (Away)
Enzo,MID,Chelsea,7.0,4.9,1.0,a,25,0,0,0,0,0,0,0.02,0.00,0.02,0.28,0,0,0,0,0,0,0,False,2.0,3.0,Fulham,3.4,12.0,0.0,1.5,6,0,1,0,0,Brighton (Away)
Neto,MID,Chelsea,6.5,1.3,1.0,a,14,0,0,0,0,0,0,0.07,0.03,0.10,0.22,0,0,0,0,0,0,0,False,2.0,3.0,Fulham,5.2,4.1,4.0,1.3,9,0,1,0,0,Brighton (Away)
Estêvão,MID,Chelsea,6.5,1.2,1.0,a,7,0,0,0,0,0,0,0.00,0.00,0.00,0.09,0,0,0,0,0,0,0,False,2.0,3.0,Fulham,0.2,0.4,0.0,0.1,3,0,1,0,0,Brighton (Away)
Gittens,MID,Chelsea,6.0,0.0,0.0,a,0,0,0,0,0,0,0,0.00,0.00,0.00,0.00,0,0,0,0,0,0,0,False,2.0,3.0,Fulham,0.0,0.0,0.0,0.0,0,0,0,0,0,Brighton (Away)
Caicedo,MID,Chelsea,5.5,3.4,0.0,d,0,0,0,0,0,0,0,0.00,0.00,0.00,0.00,0,0,0,0,0,0,0,False,2.0,3.0,Fulham,0.0,0.0,0.0,0.0,0,0,0,0,0,Brighton (Away)
Lavia,MID,Chelsea,5.0,0.1,1.0,a,64,0,0,0,2,0,0,0.03,0.21,0.24,1.05,0,0,0,0,1,0,1,False,2.0,3.0,Fulham,13.6,21.9,33.0,6.9,8,0,1,0,0,Brighton (Away)
D.Essugo,MID,Chelsea,4.5,0.2,0.0,a,0,0,0,0,0,0,0,0.00,0.00,0.00,0.00,0,0,0,0,0,0,0,False,2.0,3.0,Fulham,0.0,0.0,0.0,0.0,0,0,0,0,0,Brighton (Away)
Quenda,MID,Chelsea,5.5,0.0,1.0,a,8,0,0,0,0,0,0,0.00,0.00,0.00,0.09,0,0,0,0,0,0,0,False,2.0,3.0,Fulham,1.2,0.3,2.0,0.4,2,0,1,0,0,Brighton (Away)
João Pedro,FWD,Chelsea,7.5,66.3,11.0,a,90,1,1,0,2,1,1,0.06,0.63,0.69,1.33,0,0,0,0,0,0,1,False,2.0,3.0,Fulham,51.2,23.0,37.0,11.1,45,2,11,0,0,Brighton (Away)
N.Jackson,FWD,Chelsea,6.5,0.3,0.0,a,0,0,0,0,0,0,0,0.00,0.00,0.00,0.00,0,0,0,0,0,0,0,False,2.0,3.0,Fulham,0.0,0.0,0.0,0.0,0,0,0,0,0,Brighton (Away)
Delap,FWD,Chelsea,5.5,0.4,0.0,a,0,0,0,0,0,0,0,0.00,0.00,0.00,0.00,0,0,0,0,0,0,0,False,2.0,3.0,Fulham,0.0,0.0,0.0,0.0,0,0,0,0,0,Brighton (Away)
Marc Guiu,FWD,Chelsea,5.0,0.5,0.0,a,0,0,0,0,0,0,0,0.00,0.00,0.00,0.00,0,0,0,0,0,0,0,False,2.0,3.0,Fulham,0.0,0.0,0.0,0.0,0,0,0,0,0,Brighton (Away)
Mheuka,FWD,Chelsea,4.5,0.4,0.0,a,0,0,0,0,0,0,0,0.00,0.00,0.00,0.00,0,0,0,0,0,0,0,False,2.0,3.0,Fulham,0.0,0.0,0.0,0.0,0,0,0,0,0,Brighton (Away)
Emegha,FWD,Chelsea,5.0,0.2,0.0,a,0,0,0,0,0,0,0,0.00,0.00,0.00,0.00,0,0,0,0,0,0,0,False,2.0,3.0,Fulham,0.0,0.0,0.0,0.0,0,0,0,0,0,Brighton (Away)
Lacroix,DEF,Chelsea,6.0,9.4,6.0,a,90,0,1,0,2,0,1,0.20,0.00,0.20,1.33,0,0,0,0,0,0,1,False,2.0,3.0,Fulham,44.2,11.2,2.0,5.7,25,0,6,0,0,Brighton (Away)
Penders,GKP,Chelsea,4.5,0.1,0.0,a,0,0,0,0,0,0,0,0.00,0.00,0.00,0.00,0,0,0,0,0,0,0,False,2.0,3.0,Fulham,0.0,0.0,0.0,0.0,0,0,0,0,0,Brighton (Away)
Anselmino,DEF,Chelsea,4.5,0.0,0.0,d,0,0,0,0,0,0,0,0.00,0.00,0.00,0.00,0,0,0,0,0,0,0,False,2.0,3.0,Fulham,0.0,0.0,0.0,0.0,0,0,0,0,0,Brighton (Away)
Barco,MID,Chelsea,5.5,0.1,0.0,a,0,0,0,0,0,0,0,0.00,0.00,0.00,0.00,0,0,0,0,0,0,0,False,2.0,3.0,Fulham,0.0,0.0,0.0,0.0,0,0,0,0,0,Brighton (Away)
Mudryk,MID,Chelsea,5.5,0.0,0.0,a,0,0,0,0,0,0,0,0.00,0.00,0.00,0.00,0,0,0,0,0,0,0,False,2.0,3.0,Fulham,0.0,0.0,0.0,0.0,0,0,0,0,0,Brighton (Away)
Chavarria,DEF,Chelsea,5.0,0.2,1.0,a,25,0,0,0,0,0,0,0.00,0.00,0.00,0.28,0,0,0,0,0,0,0,False,2.0,3.0,Fulham,2.4,0.2,2.0,0.5,3,0,1,0,0,Brighton (Away)
Onyeka,MID,Coventry City,5.0,0.2,2.0,a,90,0,0,0,3,0,0,0.01,0.00,0.01,1.88,0,0,0,0,0,0,1,False,3.0,0.0,Arsenal,3.6,1.6,0.0,0.5,8,0,2,0,0,Hull City (Away)
Rushworth,GKP,Coventry City,4.5,1.2,1.0,a,90,0,0,2,3,0,0,0.01,0.00,0.01,1.88,0,0,0,0,0,0,1,False,3.0,0.0,Arsenal,14.2,0.0,0.0,1.4,0,0,1,0,0,Hull City (Away)
Dovin,GKP,Coventry City,4.0,1.6,0.0,a,0,0,0,0,0,0,0,0.00,0.00,0.00,0.00,0,0,0,0,0,0,0,False,3.0,0.0,Arsenal,0.0,0.0,0.0,0.0,0,0,0,0,0,Hull City (Away)
Wilson,GKP,Coventry City,4.5,0.5,0.0,a,0,0,0,0,0,0,0,0.00,0.00,0.00,0.00,0,0,0,0,0,0,0,False,3.0,0.0,Arsenal,0.0,0.0,0.0,0.0,0,0,0,0,0,Hull City (Away)
Thomas,DEF,Coventry City,4.0,8.0,3.0,a,90,0,0,0,3,0,0,0.01,0.02,0.03,1.88,0,0,0,0,0,0,1,False,3.0,0.0,Arsenal,23.2,11.2,1.0,3.5,11,0,3,0,0,Hull City (Away)
Kitching,DEF,Coventry City,4.0,0.7,0.0,a,0,0,0,0,0,0,0,0.00,0.00,0.00,0.00,0,0,0,0,0,0,0,False,3.0,0.0,Arsenal,0.0,0.0,0.0,0.0,0,0,0,0,0,Hull City (Away)
van Ewijk,DEF,Coventry City,4.0,13.3,1.0,a,90,0,0,0,3,0,0,0.01,0.00,0.01,1.88,0,0,0,0,0,0,1,False,3.0,0.0,Arsenal,10.6,2.0,2.0,1.5,-8,0,1,0,0,Hull City (Away)
Dasilva,DEF,Coventry City,4.0,0.9,1.0,a,90,0,0,0,3,0,0,0.02,0.00,0.02,1.88,0,0,0,0,0,0,1,False,3.0,0.0,Arsenal,13.8,3.8,0.0,1.8,-4,0,1,0,0,Hull City (Away)
Kesler-Hayden,DEF,Coventry City,4.0,0.1,0.0,a,0,0,0,0,0,0,0,0.00,0.00,0.00,0.00,0,0,0,0,0,0,0,False,3.0,0.0,Arsenal,0.0,0.0,0.0,0.0,0,0,0,0,0,Hull City (Away)
Bidwell,DEF,Coventry City,4.0,0.1,0.0,a,0,0,0,0,0,0,0,0.00,0.00,0.00,0.00,0,0,0,0,0,0,0,False,3.0,0.0,Arsenal,0.0,0.0,0.0,0.0,0,0,0,0,0,Hull City (Away)
Latibeaudiere,DEF,Coventry City,4.0,0.0,0.0,a,0,0,0,0,0,0,0,0.00,0.00,0.00,0.00,0,0,0,0,0,0,0,False,3.0,0.0,Arsenal,0.0,0.0,0.0,0.0,0,0,0,0,0,Hull City (Away)
Woolfenden,DEF,Coventry City,4.0,0.2,0.0,a,0,0,0,0,0,0,0,0.00,0.00,0.00,0.00,0,0,0,0,0,0,0,False,3.0,0.0,Arsenal,0.0,0.0,0.0,0.0,0,0,0,0,0,Hull City (Away)
Brau,DEF,Coventry City,4.0,0.0,0.0,a,0,0,0,0,0,0,0,0.00,0.00,0.00,0.00,0,0,0,0,0,0,0,False,3.0,0.0,Arsenal,0.0,0.0,0.0,0.0,0,0,0,0,0,Hull City (Away)
Amenda,DEF,Coventry City,4.0,0.9,1.0,a,90,0,0,0,3,0,0,0.01,0.00,0.01,1.88,0,0,0,0,0,0,1,False,3.0,0.0,Arsenal,28.8,0.8,0.0,3.0,1,0,1,0,0,Hull City (Away)
Rudoni,MID,Coventry City,5.0,0.1,1.0,a,20,0,0,0,0,0,0,0.00,0.15,0.15,0.29,0,0,0,0,0,0,0,False,3.0,0.0,Arsenal,5.6,3.8,17.0,2.6,3,0,1,0,0,Hull City (Away)
Grimes,MID,Coventry City,5.0,0.2,2.0,a,90,0,0,0,3,0,0,0.01,0.00,0.01,1.88,0,0,0,0,0,0,1,False,3.0,0.0,Arsenal,13.4,3.7,0.0,1.7,14,0,2,0,0,Hull City (Away)
Sakamoto,MID,Coventry City,5.0,0.1,0.0,a,0,0,0,0,0,0,0,0.00,0.00,0.00,0.00,0,0,0,0,0,0,0,False,3.0,0.0,Arsenal,0.0,0.0,0.0,0.0,0,0,0,0,0,Hull City (Away)
Mason-Clark,MID,Coventry City,5.5,0.1,0.0,a,0,0,0,0,0,0,0,0.00,0.00,0.00,0.00,0,0,0,0,0,0,0,False,3.0,0.0,Arsenal,0.0,0.0,0.0,0.0,0,0,0,0,0,Hull City (Away)
Eccles,MID,Coventry City,5.0,0.0,0.0,a,0,0,0,0,0,0,0,0.00,0.00,0.00,0.00,0,0,0,0,0,0,0,False,3.0,0.0,Arsenal,0.0,0.0,0.0,0.0,0,0,0,0,0,Hull City (Away)
Torp,MID,Coventry City,5.5,0.2,1.0,a,28,0,0,0,0,0,0,0.11,0.00,0.11,0.32,0,0,0,0,0,0,0,False,3.0,0.0,Arsenal,6.8,16.4,0.0,2.3,8,0,1,0,0,Hull City (Away)
Shepherd,MID,Coventry City,4.5,0.3,0.0,a,0,0,0,0,0,0,0,0.00,0.00,0.00,0.00,0,0,0,0,0,0,0,False,3.0,0.0,Arsenal,0.0,0.0,0.0,0.0,0,0,0,0,0,Hull City (Away)
Tchaouna,MID,Coventry City,5.5,0.2,2.0,a,81,0,0,0,3,0,0,0.02,0.04,0.06,1.76,0,0,0,0,0,0,1,False,3.0,0.0,Arsenal,1.8,6.0,3.0,1.1,11,0,2,0,0,Hull City (Away)
Borges Rodrigues,MID,Coventry City,4.5,0.2,0.0,a,0,0,0,0,0,0,0,0.00,0.00,0.00,0.00,0,0,0,0,0,0,0,False,3.0,0.0,Arsenal,0.0,0.0,0.0,0.0,0,0,0,0,0,Hull City (Away)
Andrews,MID,Coventry City,4.5,0.7,0.0,a,0,0,0,0,0,0,0,0.00,0.00,0.00,0.00,0,0,0,0,0,0,0,False,3.0,0.0,Arsenal,0.0,0.0,0.0,0.0,0,0,0,0,0,Hull City (Away)
Wright,FWD,Coventry City,5.5,0.2,0.0,i,0,0,0,0,0,0,0,0.00,0.00,0.00,0.00,0,0,0,0,0,0,0,False,3.0,0.0,Arsenal,0.0,0.0,0.0,0.0,0,0,0,0,0,Hull City (Away)
Thomas-Asante,FWD,Coventry City,5.0,0.8,2.0,a,69,0,0,0,3,0,0,0.02,0.00,0.02,1.60,0,0,0,0,0,0,1,False,3.0,0.0,Arsenal,4.6,1.1,0.0,0.6,9,0,2,0,0,Hull City (Away)
Simms,FWD,Coventry City,5.0,1.0,2.0,a,69,0,0,0,3,0,0,0.01,0.00,0.01,1.60,0,0,0,0,0,0,1,False,3.0,0.0,Arsenal,2.6,12.3,2.0,1.7,7,0,2,0,0,Hull City (Away)
Markelo,FWD,Coventry City,5.0,0.0,0.0,u,0,0,0,0,0,0,0,0.00,0.00,0.00,0.00,0,0,0,0,0,0,0,False,3.0,0.0,Arsenal,0.0,0.0,0.0,0.0,0,0,0,0,0,Hull City (Away)
Bassette,FWD,Coventry City,4.5,0.0,0.0,u,0,0,0,0,0,0,0,0.00,0.00,0.00,0.00,0,0,0,0,0,0,0,False,3.0,0.0,Arsenal,0.0,0.0,0.0,0.0,0,0,0,0,0,Hull City (Away)
Awoniyi,FWD,Coventry City,5.5,0.8,1.0,a,20,0,0,0,0,0,0,0.00,0.00,0.00,0.29,0,0,0,0,0,0,0,False,3.0,0.0,Arsenal,0.0,1.4,0.0,0.1,4,0,1,0,0,Hull City (Away)
Yirenkyi,MID,Coventry City,5.0,0.2,1.0,a,61,0,0,0,3,0,0,0.00,0.00,0.00,1.56,0,0,0,0,1,0,1,False,3.0,0.0,Arsenal,0.0,3.1,0.0,0.0,2,0,1,0,0,Hull City (Away)
Hamer,MID,Coventry City,5.5,0.1,1.0,a,8,0,0,0,0,0,0,0.00,0.00,0.00,0.13,0,0,0,0,0,0,0,False,3.0,0.0,Arsenal,0.4,0.3,0.0,0.1,3,0,1,0,0,Hull City (Away)
Cherif,FWD,Coventry City,5.0,0.1,0.0,a,0,0,0,0,0,0,0,0.00,0.00,0.00,0.00,0,0,0,0,0,0,0,False,3.0,0.0,Arsenal,0.0,0.0,0.0,0.0,0,0,0,0,0,Hull City (Away)
Guessand,MID,Crystal Palace,5.5,0.0,1.0,a,27,0,0,0,0,0,0,0.02,0.03,0.05,0.14,0,0,0,0,0,0,0,False,2.0,0.0,Everton,3.2,1.8,7.0,1.2,3,0,1,0,0,Man City (Away)
Henderson,GKP,Crystal Palace,5.0,1.9,2.0,a,90,0,0,3,2,0,0,0.00,0.00,0.00,1.12,0,0,0,0,0,0,1,False,2.0,0.0,Everton,28.2,0.0,0.0,2.8,14,0,2,0,0,Man City (Away)
Benitez,GKP,Crystal Palace,4.5,0.1,0.0,a,0,0,0,0,0,0,0,0.00,0.00,0.00,0.00,0,0,0,0,0,0,0,False,2.0,0.0,Everton,0.0,0.0,0.0,0.0,0,0,0,0,0,Man City (Away)
Muñoz,DEF,Crystal Palace,5.5,8.9,0.0,a,54,0,0,0,2,0,0,0.01,0.23,0.24,0.84,0,0,0,0,0,0,1,False,2.0,0.0,Everton,1.2,1.8,21.0,2.4,-4,0,0,0,0,Man City (Away)
Richards,DEF,Crystal Palace,5.0,0.7,3.0,a,90,0,0,0,2,0,0,0.00,0.00,0.00,1.12,0,0,0,0,0,0,1,False,2.0,0.0,Everton,42.6,0.7,0.0,4.3,13,0,3,0,0,Man City (Away)
Canvot,DEF,Crystal Palace,5.0,0.3,1.0,a,90,0,0,0,2,0,0,0.01,0.05,0.06,1.12,0,0,0,0,0,0,1,False,2.0,0.0,Everton,27.4,5.7,5.0,3.8,9,0,1,0,0,Man City (Away)
Mitchell,DEF,Crystal Palace,4.5,5.8,1.0,a,90,0,0,0,2,0,0,0.01,0.00,0.01,1.12,0,0,0,0,0,0,1,False,2.0,0.0,Everton,11.6,13.8,2.0,2.7,9,0,1,0,0,Man City (Away)
Sosa,DEF,Crystal Palace,4.5,0.0,0.0,a,0,0,0,0,0,0,0,0.00,0.00,0.00,0.00,0,0,0,0,0,0,0,False,2.0,0.0,Everton,0.0,0.0,0.0,0.0,0,0,0,0,0,Man City (Away)
Chadi Riad,DEF,Crystal Palace,4.5,0.1,1.0,d,72,0,0,0,2,0,0,0.01,0.00,0.01,0.98,0,0,0,0,0,0,1,False,2.0,0.0,Everton,12.6,1.3,0.0,1.4,7,0,1,0,0,Man City (Away)
Mingueza,DEF,Crystal Palace,4.5,0.1,0.0,a,0,0,0,0,0,0,0,0.00,0.00,0.00,0.00,0,0,0,0,0,0,0,False,2.0,0.0,Everton,0.0,0.0,0.0,0.0,0,0,0,0,0,Man City (Away)
Sarr,MID,Crystal Palace,6.5,3.4,0.0,d,0,0,0,0,0,0,0,0.00,0.00,0.00,0.00,0,0,0,0,0,0,0,False,2.0,0.0,Everton,0.0,0.0,0.0,0.0,0,0,0,0,0,Man City (Away)
Wharton,MID,Crystal Palace,5.5,0.9,4.0,a,90,0,0,0,2,0,0,0.24,0.00,0.24,1.12,0,0,0,0,0,0,1,False,2.0,0.0,Everton,16.8,30.9,0.0,4.8,20,0,4,0,0,Man City (Away)
Yeremy,MID,Crystal Palace,5.5,0.2,1.0,a,35,0,0,0,0,0,0,0.02,0.06,0.08,0.27,0,0,0,0,0,0,0,False,2.0,0.0,Everton,2.0,6.3,6.0,1.4,4,0,1,0,0,Man City (Away)
Hughes,MID,Crystal Palace,4.5,11.2,0.0,a,0,0,0,0,0,0,0,0.00,0.00,0.00,0.00,0,0,0,0,0,0,0,False,2.0,0.0,Everton,0.0,0.0,0.0,0.0,0,0,0,0,0,Man City (Away)
Lerma,MID,Crystal Palace,5.0,0.1,0.0,a,0,0,0,0,0,0,0,0.00,0.00,0.00,0.00,0,0,0,0,0,0,0,False,2.0,0.0,Everton,0.0,0.0,0.0,0.0,0,0,0,0,0,Man City (Away)
Kamada,MID,Crystal Palace,5.0,0.3,3.0,a,90,0,0,0,2,0,0,0.27,0.00,0.27,1.12,0,0,0,0,1,0,1,False,2.0,0.0,Everton,20.4,29.3,0.0,5.0,25,0,3,0,0,Man City (Away)
Devenny,MID,Crystal Palace,5.0,0.0,0.0,a,0,0,0,0,0,0,0,0.00,0.00,0.00,0.00,0,0,0,0,0,0,0,False,2.0,0.0,Everton,0.0,0.0,0.0,0.0,0,0,0,0,0,Man City (Away)
Esse,MID,Crystal Palace,5.0,0.0,0.0,a,0,0,0,0,0,0,0,0.00,0.00,0.00,0.00,0,0,0,0,0,0,0,False,2.0,0.0,Everton,0.0,0.0,0.0,0.0,0,0,0,0,0,Man City (Away)
M.França,MID,Crystal Palace,5.0,0.0,0.0,a,0,0,0,0,0,0,0,0.00,0.00,0.00,0.00,0,0,0,0,0,0,0,False,2.0,0.0,Everton,0.0,0.0,0.0,0.0,0,0,0,0,0,Man City (Away)
Doucouré,MID,Crystal Palace,5.0,0.1,0.0,a,0,0,0,0,0,0,0,0.00,0.00,0.00,0.00,0,0,0,0,0,0,0,False,2.0,0.0,Everton,0.0,0.0,0.0,0.0,0,0,0,0,0,Man City (Away)
J.Rak-Sakyi,MID,Crystal Palace,5.0,0.0,0.0,a,0,0,0,0,0,0,0,0.00,0.00,0.00,0.00,0,0,0,0,0,0,0,False,2.0,0.0,Everton,0.0,0.0,0.0,0.0,0,0,0,0,0,Man City (Away)
Cardines,DEF,Crystal Palace,4.5,0.0,0.0,u,0,0,0,0,0,0,0,0.00,0.00,0.00,0.00,0,0,0,0,0,0,0,False,2.0,0.0,Everton,0.0,0.0,0.0,0.0,0,0,0,0,0,Man City (Away)
Drakes-Thomas,MID,Crystal Palace,4.5,0.1,0.0,a,0,0,0,0,0,0,0,0.00,0.00,0.00,0.00,0,0,0,0,0,0,0,False,2.0,0.0,Everton,0.0,0.0,0.0,0.0,0,0,0,0,0,Man City (Away)
Strand Larsen,FWD,Crystal Palace,6.0,0.5,1.0,a,27,0,0,0,0,0,0,0.01,0.25,0.26,0.14,0,0,0,0,0,0,0,False,2.0,0.0,Everton,1.0,3.5,17.0,2.2,3,0,1,0,0,Man City (Away)
Mateta,FWD,Crystal Palace,6.5,5.4,2.0,a,62,0,0,0,2,0,0,0.02,0.70,0.72,0.98,0,0,0,0,0,0,1,False,2.0,0.0,Everton,1.4,12.3,11.0,2.5,-3,0,2,0,0,Man City (Away)
Nketiah,FWD,Crystal Palace,5.5,0.5,1.0,a,55,0,0,0,2,0,0,0.58,0.60,1.18,0.84,0,0,0,0,0,0,1,False,2.0,0.0,Everton,10.4,24.5,23.0,5.8,12,0,1,0,0,Man City (Away)
Uche,FWD,Crystal Palace,5.0,0.0,0.0,u,0,0,0,0,0,0,0,0.00,0.00,0.00,0.00,0,0,0,0,0,0,0,False,2.0,0.0,Everton,0.0,0.0,0.0,0.0,0,0,0,0,0,Man City (Away)
McNeil,MID,Crystal Palace,5.5,0.2,2.0,a,62,0,0,0,2,0,0,0.02,0.05,0.07,0.98,0,0,0,0,0,0,1,False,2.0,0.0,Everton,9.6,4.7,2.0,1.6,11,0,2,0,0,Man City (Away)
Matthews,GKP,Crystal Palace,4.0,1.8,0.0,a,0,0,0,0,0,0,0,0.00,0.00,0.00,0.00,0,0,0,0,0,0,0,False,2.0,0.0,Everton,0.0,0.0,0.0,0.0,0,0,0,0,0,Man City (Away)
Tomiyasu,DEF,Crystal Palace,4.5,0.4,1.0,a,18,0,0,0,0,0,0,0.01,0.00,0.01,0.14,0,0,0,0,0,0,0,False,2.0,0.0,Everton,2.4,2.4,0.0,0.5,3,0,1,0,0,Man City (Away)
Khalaili,DEF,Crystal Palace,5.0,0.1,1.0,a,35,0,0,0,0,0,0,0.16,0.00,0.16,0.27,0,0,0,0,0,0,0,False,2.0,0.0,Everton,24.0,26.5,4.0,5.5,12,0,1,0,0,Man City (Away)
Gozo,MID,Crystal Palace,5.0,0.0,0.0,a,0,0,0,0,0,0,0,0.00,0.00,0.00,0.00,0,0,0,0,0,0,0,False,2.0,0.0,Everton,0.0,0.0,0.0,0.0,0,0,0,0,0,Man City (Away)
Nørgaard,MID,Everton,5.0,0.1,0.0,i,0,0,0,0,0,0,0,0.00,0.00,0.00,0.00,0,0,0,0,0,0,0,True,2.0,0.0,Crystal Palace,0.0,0.0,0.0,0.0,0,0,0,0,0,Bournemouth (Home)
Johnson,MID,Everton,6.0,0.2,1.0,a,6,0,0,0,0,0,0,0.00,0.00,0.00,0.29,0,0,0,0,0,0,0,True,2.0,0.0,Crystal Palace,4.0,0.3,0.0,0.4,3,0,1,0,0,Bournemouth (Home)
Pickford,GKP,Everton,5.5,8.7,7.0,a,90,0,0,4,0,0,0,0.02,0.00,0.02,1.96,1,0,0,0,0,0,1,True,2.0,0.0,Crystal Palace,31.8,0.0,0.0,3.2,34,0,7,0,0,Bournemouth (Home)
Travers,GKP,Everton,5.0,0.0,0.0,a,0,0,0,0,0,0,0,0.00,0.00,0.00,0.00,0,0,0,0,0,0,0,True,2.0,0.0,Crystal Palace,0.0,0.0,0.0,0.0,0,0,0,0,0,Bournemouth (Home)
King,GKP,Everton,4.5,0.0,0.0,a,0,0,0,0,0,0,0,0.00,0.00,0.00,0.00,0,0,0,0,0,0,0,True,2.0,0.0,Crystal Palace,0.0,0.0,0.0,0.0,0,0,0,0,0,Bournemouth (Home)
Tarkowski,DEF,Everton,6.0,8.8,6.0,a,90,0,0,0,0,0,0,0.00,0.05,0.05,1.96,1,0,0,0,0,0,1,True,2.0,0.0,Crystal Palace,15.2,0.8,4.0,2.0,25,0,6,0,0,Bournemouth (Home)
Branthwaite,DEF,Everton,5.5,1.8,6.0,a,90,0,0,0,0,0,0,0.01,0.00,0.01,1.96,1,0,0,0,0,0,1,True,2.0,0.0,Crystal Palace,18.6,0.8,6.0,2.5,27,0,6,0,0,Bournemouth (Home)
Keane,DEF,Everton,5.0,1.5,0.0,a,0,0,0,0,0,0,0,0.00,0.00,0.00,0.00,0,0,0,0,0,0,0,True,2.0,0.0,Crystal Palace,0.0,0.0,0.0,0.0,0,0,0,0,0,Bournemouth (Home)
O'Brien,DEF,Everton,5.0,0.5,0.0,a,0,0,0,0,0,0,0,0.00,0.00,0.00,0.00,0,0,0,0,0,0,0,True,2.0,0.0,Crystal Palace,0.0,0.0,0.0,0.0,0,0,0,0,0,Bournemouth (Home)
Mykolenko,DEF,Everton,4.5,1.6,6.0,a,90,0,0,0,0,0,0,0.05,0.00,0.05,1.96,1,0,0,0,0,0,1,True,2.0,0.0,Crystal Palace,12.8,13.8,2.0,2.9,27,0,6,0,0,Bournemouth (Home)
Patterson,DEF,Everton,4.5,0.0,0.0,a,0,0,0,0,0,0,0,0.00,0.00,0.00,0.00,0,0,0,0,0,0,0,True,2.0,0.0,Crystal Palace,0.0,0.0,0.0,0.0,0,0,0,0,0,Bournemouth (Home)
Aznou,DEF,Everton,4.0,0.2,0.0,a,0,0,0,0,0,0,0,0.00,0.00,0.00,0.00,0,0,0,0,0,0,0,True,2.0,0.0,Crystal Palace,0.0,0.0,0.0,0.0,0,0,0,0,0,Bournemouth (Home)
Dewsbury-Hall,MID,Everton,6.5,4.3,11.0,a,90,1,0,0,0,1,0,0.17,0.12,0.29,1.92,1,0,0,0,0,0,1,True,2.0,0.0,Crystal Palace,42.8,28.3,27.0,9.8,40,3,11,0,0,Bournemouth (Home)
Ndiaye,MID,Everton,6.0,16.1,9.0,a,90,0,1,0,0,0,1,0.32,0.24,0.56,1.96,1,0,0,0,0,0,1,True,2.0,0.0,Crystal Palace,40.8,39.8,48.0,12.9,36,1,9,0,0,Bournemouth (Home)
Garner,MID,Everton,6.0,0.1,1.0,a,11,0,0,0,0,0,0,0.03,0.00,0.03,0.34,0,0,0,0,0,0,0,True,2.0,0.0,Crystal Palace,4.8,11.8,2.0,1.9,6,0,1,0,0,Bournemouth (Home)
Iroegbunam,MID,Everton,5.0,0.0,0.0,i,0,0,0,0,0,0,0,0.00,0.00,0.00,0.00,0,0,0,0,0,0,0,True,2.0,0.0,Crystal Palace,0.0,0.0,0.0,0.0,0,0,0,0,0,Bournemouth (Home)
George,MID,Everton,5.5,0.3,3.0,a,83,0,0,0,0,0,0,0.08,0.18,0.26,1.67,1,0,0,0,0,0,1,True,2.0,0.0,Crystal Palace,7.0,23.4,25.0,5.5,13,0,3,0,0,Bournemouth (Home)
Alcaraz,MID,Everton,5.0,0.1,1.0,a,1,0,0,0,0,0,0,0.00,0.02,0.02,0.04,0,0,0,0,0,0,0,True,2.0,0.0,Crystal Palace,5.0,0.3,17.0,2.2,7,0,1,0,0,Bournemouth (Home)
Armstrong,MID,Everton,5.0,0.2,8.0,a,90,0,1,0,0,0,1,0.04,0.00,0.04,1.96,1,0,0,0,0,0,1,True,2.0,0.0,Crystal Palace,28.8,14.7,4.0,4.8,25,0,8,0,0,Bournemouth (Home)
Dibling,MID,Everton,5.5,0.0,0.0,a,0,0,0,0,0,0,0,0.00,0.00,0.00,0.00,0,0,0,0,0,0,0,True,2.0,0.0,Crystal Palace,0.0,0.0,0.0,0.0,0,0,0,0,0,Bournemouth (Home)
Röhl,MID,Everton,5.0,0.1,3.0,a,90,0,0,0,0,0,0,0.06,0.00,0.06,1.96,1,0,0,0,0,0,1,True,2.0,0.0,Crystal Palace,13.8,13.0,2.0,2.9,12,0,3,0,0,Bournemouth (Home)
Hackney,MID,Everton,5.5,0.3,3.0,a,78,0,0,0,0,0,0,0.01,0.01,0.02,1.62,1,0,0,0,0,0,1,True,2.0,0.0,Crystal Palace,8.6,12.2,5.0,2.6,16,0,3,0,0,Bournemouth (Home)
Beto,FWD,Everton,5.5,2.5,1.0,a,11,0,0,0,0,0,0,0.00,0.05,0.05,0.34,0,0,0,0,0,0,0,True,2.0,0.0,Crystal Palace,0.0,0.0,2.0,0.2,3,0,1,0,0,Bournemouth (Home)
Barry,FWD,Everton,5.5,2.2,8.0,a,78,1,0,0,0,1,0,0.09,0.45,0.54,1.62,1,0,0,0,0,0,1,True,2.0,0.0,Crystal Palace,38.0,19.0,41.0,9.8,37,2,8,0,0,Bournemouth (Home)
Leno,GKP,Fulham,4.5,3.0,2.0,a,90,0,0,3,3,0,0,0.00,0.00,0.00,2.24,0,0,0,0,0,0,1,True,2.0,3.0,Chelsea,29.6,0.0,0.0,3.0,11,0,2,0,0,Sunderland (Home)
Lecomte,GKP,Fulham,4.0,1.2,0.0,a,0,0,0,0,0,0,0,0.00,0.00,0.00,0.00,0,0,0,0,0,0,0,True,2.0,3.0,Chelsea,0.0,0.0,0.0,0.0,0,0,0,0,0,Sunderland (Home)
McNally,GKP,Fulham,4.0,0.2,0.0,a,0,0,0,0,0,0,0,0.00,0.00,0.00,0.00,0,0,0,0,0,0,0,True,2.0,3.0,Chelsea,0.0,0.0,0.0,0.0,0,0,0,0,0,Sunderland (Home)
Andersen,DEF,Fulham,5.0,0.1,0.0,a,0,0,0,0,0,0,0,0.00,0.00,0.00,0.00,0,0,0,0,0,0,0,True,2.0,3.0,Chelsea,0.0,0.0,0.0,0.0,0,0,0,0,0,Sunderland (Home)
Robinson,DEF,Fulham,4.5,1.7,1.0,a,81,0,0,0,3,0,0,0.04,0.13,0.17,2.21,0,0,0,0,0,0,1,True,2.0,3.0,Chelsea,21.6,25.2,3.0,5.0,4,0,1,0,0,Sunderland (Home)
J.Cuenca,DEF,Fulham,4.5,0.0,3.0,a,90,0,0,0,3,0,0,0.03,0.00,0.03,2.24,0,0,0,0,0,0,1,True,2.0,3.0,Chelsea,32.8,21.3,0.0,5.4,7,0,3,0,0,Sunderland (Home)
Tete,DEF,Fulham,4.5,0.3,0.0,a,0,0,0,0,0,0,0,0.00,0.00,0.00,0.00,0,0,0,0,0,0,0,True,2.0,3.0,Chelsea,0.0,0.0,0.0,0.0,0,0,0,0,0,Sunderland (Home)
Bassey,DEF,Fulham,4.5,0.8,0.0,a,90,0,0,0,3,0,0,0.02,0.02,0.04,2.24,0,0,0,0,1,0,1,True,2.0,3.0,Chelsea,13.8,3.8,2.0,2.0,1,0,0,0,0,Sunderland (Home)
Castagne,DEF,Fulham,4.5,0.4,6.0,a,90,0,2,0,3,0,2,0.18,0.09,0.27,2.24,0,0,0,0,1,0,1,True,2.0,3.0,Chelsea,38.0,27.8,23.0,8.9,21,0,6,0,0,Sunderland (Home)
Iwobi,MID,Fulham,5.5,1.0,2.0,a,90,0,0,0,3,0,0,0.04,0.00,0.04,2.24,0,0,0,0,0,0,1,True,2.0,3.0,Chelsea,12.4,11.3,0.0,2.4,17,0,2,0,0,Sunderland (Home)
Smith Rowe,MID,Fulham,5.5,0.4,0.0,a,0,0,0,0,0,0,0,0.00,0.00,0.00,0.00,0,0,0,0,0,0,0,True,2.0,3.0,Chelsea,0.0,0.0,0.0,0.0,0,0,0,0,0,Sunderland (Home)
Kevin,MID,Fulham,5.5,0.1,1.0,a,17,0,0,0,0,0,0,0.01,0.00,0.01,0.03,0,0,0,0,0,0,0,True,2.0,3.0,Chelsea,5.2,1.9,0.0,0.7,2,0,1,0,0,Sunderland (Home)
Bobb,MID,Fulham,5.5,0.3,2.0,a,66,0,0,0,3,0,0,0.26,0.00,0.26,2.21,0,0,0,0,0,0,1,True,2.0,3.0,Chelsea,9.8,13.8,6.0,3.0,10,0,2,0,0,Sunderland (Home)
Berge,MID,Fulham,5.0,0.4,2.0,a,72,0,0,0,3,0,0,0.03,0.03,0.06,2.21,0,0,0,0,0,0,1,True,2.0,3.0,Chelsea,13.6,23.1,7.0,4.4,14,0,2,0,0,Sunderland (Home)
Cairney,MID,Fulham,5.0,0.0,0.0,i,0,0,0,0,0,0,0,0.00,0.00,0.00,0.00,0,0,0,0,0,0,0,True,2.0,3.0,Chelsea,0.0,0.0,0.0,0.0,0,0,0,0,0,Sunderland (Home)
King,MID,Fulham,5.5,0.4,7.0,a,90,1,0,0,3,1,0,0.04,0.17,0.21,2.24,0,0,0,0,0,0,1,True,2.0,3.0,Chelsea,41.6,15.6,41.0,9.8,34,0,7,0,0,Sunderland (Home)
Sessegnon,DEF,Fulham,4.5,0.4,1.0,a,17,0,0,0,0,0,0,0.00,0.03,0.03,0.03,0,0,0,0,0,0,0,True,2.0,3.0,Chelsea,6.6,0.5,19.0,2.6,7,0,1,0,0,Sunderland (Home)
Reed,MID,Fulham,4.5,1.5,0.0,a,0,0,0,0,0,0,0,0.00,0.00,0.00,0.00,0,0,0,0,0,0,0,True,2.0,3.0,Chelsea,0.0,0.0,0.0,0.0,0,0,0,0,0,Sunderland (Home)
Muniz,FWD,Fulham,5.5,0.6,1.0,a,8,0,0,0,0,0,0,0.00,0.02,0.02,0.03,0,0,0,0,0,0,0,True,2.0,3.0,Chelsea,6.0,11.5,7.0,2.5,6,0,1,0,0,Sunderland (Home)
Kusi-Asare,FWD,Fulham,4.5,7.1,0.0,a,0,0,0,0,0,0,0,0.00,0.00,0.00,0.00,0,0,0,0,0,0,0,True,2.0,3.0,Chelsea,0.0,0.0,0.0,0.0,0,0,0,0,0,Sunderland (Home)
Gonzalo,FWD,Fulham,6.0,2.9,6.0,a,90,1,0,0,3,1,0,0.01,0.73,0.74,2.24,0,0,0,0,0,0,1,True,2.0,3.0,Chelsea,37.2,4.3,40.0,8.2,33,0,6,0,0,Sunderland (Home)
Palacios,MID,Fulham,5.5,0.2,2.0,a,72,0,0,0,3,0,0,0.01,0.16,0.17,2.21,0,0,0,0,0,0,1,True,2.0,3.0,Chelsea,2.8,7.3,8.0,1.8,10,0,2,0,0,Sunderland (Home)
Charles,MID,Fulham,5.0,0.1,1.0,a,23,0,0,0,0,0,0,0.00,0.00,0.00,0.03,0,0,0,0,0,0,0,True,2.0,3.0,Chelsea,3.4,1.3,0.0,0.5,5,0,1,0,0,Sunderland (Home)
De Fougerolles,DEF,Fulham,4.0,0.0,0.0,a,0,0,0,0,0,0,0,0.00,0.00,0.00,0.00,0,0,0,0,0,0,0,True,2.0,3.0,Chelsea,0.0,0.0,0.0,0.0,0,0,0,0,0,Sunderland (Home)
Phillips,GKP,Hull City,4.0,1.6,0.0,a,0,0,0,0,0,0,0,0.00,0.00,0.00,0.00,0,0,0,0,0,0,0,True,2.0,0.0,Man Utd,0.0,0.0,0.0,0.0,0,0,0,0,0,Coventry City (Home)
Butland,GKP,Hull City,4.5,0.1,0.0,i,0,0,0,0,0,0,0,0.00,0.00,0.00,0.00,0,0,0,0,0,0,0,True,2.0,0.0,Man Utd,0.0,0.0,0.0,0.0,0,0,0,0,0,Coventry City (Home)
Cartwright,GKP,Hull City,4.0,0.0,0.0,u,0,0,0,0,0,0,0,0.00,0.00,0.00,0.00,0,0,0,0,0,0,0,True,2.0,0.0,Man Utd,0.0,0.0,0.0,0.0,0,0,0,0,0,Coventry City (Home)
Lo-Tutala,GKP,Hull City,4.0,0.0,0.0,u,0,0,0,0,0,0,0,0.00,0.00,0.00,0.00,0,0,0,0,0,0,0,True,2.0,0.0,Man Utd,0.0,0.0,0.0,0.0,0,0,0,0,0,Coventry City (Home)
Egan,DEF,Hull City,4.0,1.9,8.0,a,90,0,0,0,0,0,0,0.00,0.00,0.00,1.83,1,0,0,0,0,0,1,True,2.0,0.0,Man Utd,43.4,0.1,2.0,4.6,27,0,8,0,0,Coventry City (Home)
Hughes,DEF,Hull City,4.0,0.1,0.0,i,0,0,0,0,0,0,0,0.00,0.00,0.00,0.00,0,0,0,0,0,0,0,True,2.0,0.0,Man Utd,0.0,0.0,0.0,0.0,0,0,0,0,0,Coventry City (Home)
Ajayi,DEF,Hull City,4.0,1.5,14.0,d,63,1,0,0,0,1,0,0.00,0.52,0.52,0.86,1,0,0,0,0,0,1,True,2.0,0.0,Man Utd,44.2,0.2,35.0,7.9,39,2,14,0,0,Coventry City (Home)
Coyle,DEF,Hull City,4.0,0.6,6.0,d,69,0,0,0,0,0,0,0.01,0.00,0.01,1.16,1,0,0,0,0,0,1,True,2.0,0.0,Man Utd,5.8,11.3,0.0,1.7,23,0,6,0,0,Coventry City (Home)
Drameh,DEF,Hull City,4.0,0.1,1.0,a,20,0,0,0,0,0,0,0.00,0.05,0.05,0.67,0,0,0,0,0,0,0,True,2.0,0.0,Man Utd,2.2,0.0,1.0,0.3,4,0,1,0,0,Coventry City (Home)
Giles,DEF,Hull City,4.0,0.9,6.0,a,84,0,0,0,0,0,0,0.07,0.02,0.09,1.76,1,0,0,0,0,0,1,True,2.0,0.0,Man Utd,13.8,18.8,4.0,3.7,24,0,6,0,0,Coventry City (Home)
Jacob,DEF,Hull City,4.0,0.0,0.0,i,0,0,0,0,0,0,0,0.00,0.00,0.00,0.00,0,0,0,0,0,0,0,True,2.0,0.0,Man Utd,0.0,0.0,0.0,0.0,0,0,0,0,0,Coventry City (Home)
McCarthy,DEF,Hull City,4.0,0.1,0.0,a,0,0,0,0,0,0,0,0.00,0.00,0.00,0.00,0,0,0,0,0,0,0,True,2.0,0.0,Man Utd,0.0,0.0,0.0,0.0,0,0,0,0,0,Coventry City (Home)
McNair,DEF,Hull City,4.0,0.1,1.0,a,26,0,0,0,0,0,0,0.00,0.00,0.00,0.96,0,0,0,0,0,0,0,True,2.0,0.0,Man Utd,4.2,0.0,0.0,0.4,3,0,1,0,0,Coventry City (Home)
Belloumi,MID,Hull City,5.0,0.6,3.0,a,90,0,0,0,0,0,0,0.03,0.05,0.08,1.83,1,0,0,0,0,0,1,True,2.0,0.0,Man Utd,10.6,2.2,7.0,2.0,8,0,3,0,0,Coventry City (Home)
Millar,MID,Hull City,5.0,0.1,0.0,a,19,0,0,0,0,0,0,0.00,0.00,0.00,0.67,0,0,0,0,1,0,0,True,2.0,0.0,Man Utd,2.0,0.3,2.0,0.4,2,0,0,0,0,Coventry City (Home)
Dowell,MID,Hull City,4.5,0.4,0.0,a,0,0,0,0,0,0,0,0.00,0.00,0.00,0.00,0,0,0,0,0,0,0,True,2.0,0.0,Man Utd,0.0,0.0,0.0,0.0,0,0,0,0,0,Coventry City (Home)
Crooks,MID,Hull City,4.5,0.7,2.0,a,90,0,0,0,0,0,0,0.00,0.00,0.00,1.83,1,0,0,0,1,0,1,True,2.0,0.0,Man Utd,19.0,2.4,0.0,2.1,9,0,2,0,0,Coventry City (Home)
Slater,MID,Hull City,4.5,3.6,6.0,a,90,0,1,0,0,0,1,0.44,0.00,0.44,1.83,1,0,0,0,0,0,1,True,2.0,0.0,Man Utd,18.4,19.3,0.0,3.8,20,0,6,0,0,Coventry City (Home)
Matazo,MID,Hull City,4.5,0.0,0.0,i,0,0,0,0,0,0,0,0.00,0.00,0.00,0.00,0,0,0,0,0,0,0,True,2.0,0.0,Man Utd,0.0,0.0,0.0,0.0,0,0,0,0,0,Coventry City (Home)
Ömür,MID,Hull City,5.0,0.0,0.0,a,0,0,0,0,0,0,0,0.00,0.00,0.00,0.00,0,0,0,0,0,0,0,True,2.0,0.0,Man Utd,0.0,0.0,0.0,0.0,0,0,0,0,0,Coventry City (Home)
Kamara,MID,Hull City,5.0,0.0,0.0,u,0,0,0,0,0,0,0,0.00,0.00,0.00,0.00,0,0,0,0,0,0,0,True,2.0,0.0,Man Utd,0.0,0.0,0.0,0.0,0,0,0,0,0,Coventry City (Home)
Zambrano,MID,Hull City,4.5,0.1,0.0,i,0,0,0,0,0,0,0,0.00,0.00,0.00,0.00,0,0,0,0,0,0,0,True,2.0,0.0,Man Utd,0.0,0.0,0.0,0.0,0,0,0,0,0,Coventry City (Home)
McBurnie,FWD,Hull City,5.5,1.9,5.0,a,90,0,1,0,0,0,1,0.01,0.16,0.17,1.83,1,0,0,0,0,0,1,True,2.0,0.0,Man Utd,17.2,21.1,52.0,9.0,21,0,5,0,0,Coventry City (Home)
Akintola,MID,Hull City,5.0,0.0,0.0,a,0,0,0,0,0,0,0,0.00,0.00,0.00,0.00,0,0,0,0,0,0,0,True,2.0,0.0,Man Utd,0.0,0.0,0.0,0.0,0,0,0,0,0,Coventry City (Home)
Gyabi,MID,Hull City,4.5,0.0,0.0,i,0,0,0,0,0,0,0,0.00,0.00,0.00,0.00,0,0,0,0,0,0,0,True,2.0,0.0,Man Utd,0.0,0.0,0.0,0.0,0,0,0,0,0,Coventry City (Home)
Destan,FWD,Hull City,4.5,0.4,0.0,u,0,0,0,0,0,0,0,0.00,0.00,0.00,0.00,0,0,0,0,0,0,0,True,2.0,0.0,Man Utd,0.0,0.0,0.0,0.0,0,0,0,0,0,Coventry City (Home)
Burstow,FWD,Hull City,4.5,0.1,0.0,u,0,0,0,0,0,0,0,0.00,0.00,0.00,0.00,0,0,0,0,0,0,0,True,2.0,0.0,Man Utd,0.0,0.0,0.0,0.0,0,0,0,0,0,Coventry City (Home)
Gelhardt,MID,Hull City,5.0,0.0,0.0,i,0,0,0,0,0,0,0,0.00,0.00,0.00,0.00,0,0,0,0,0,0,0,True,2.0,0.0,Man Utd,0.0,0.0,0.0,0.0,0,0,0,0,0,Coventry City (Home)
Targett,DEF,Hull City,4.0,2.4,1.0,a,5,0,0,0,0,0,0,0.00,0.00,0.00,0.07,0,0,0,0,0,0,0,True,2.0,0.0,Man Utd,0.4,0.0,0.0,0.0,3,0,1,0,0,Coventry City (Home)
Morita,MID,Hull City,5.0,0.0,0.0,a,0,0,0,0,0,0,0,0.00,0.00,0.00,0.00,0,0,0,0,0,0,0,True,2.0,0.0,Man Utd,0.0,0.0,0.0,0.0,0,0,0,0,0,Coventry City (Home)
Tzolakis,GKP,Hull City,4.5,1.9,10.0,a,90,0,0,5,0,0,0,0.00,0.00,0.00,1.83,1,0,0,0,0,0,1,True,2.0,0.0,Man Utd,34.6,0.0,0.0,3.5,41,3,10,0,0,Coventry City (Home)
Hjertø-Dahl,MID,Hull City,5.0,0.1,0.0,a,0,0,0,0,0,0,0,0.00,0.00,0.00,0.00,0,0,0,0,0,0,0,True,2.0,0.0,Man Utd,0.0,0.0,0.0,0.0,0,0,0,0,0,Coventry City (Home)
Stroud,MID,Hull City,5.0,0.1,3.0,a,70,0,0,0,0,0,0,0.03,0.00,0.03,1.16,1,0,0,0,0,0,1,True,2.0,0.0,Man Utd,8.4,4.8,0.0,1.3,11,0,3,0,0,Coventry City (Home)
Herrington,DEF,Hull City,4.0,0.7,1.0,a,26,0,0,0,0,0,0,0.00,0.00,0.00,0.96,0,0,0,0,0,0,0,True,2.0,0.0,Man Utd,8.0,0.0,0.0,0.8,4,0,1,0,0,Coventry City (Home)
Mendy,DEF,Hull City,4.0,2.2,15.0,a,63,1,0,0,0,1,0,0.00,0.28,0.28,0.86,1,0,0,0,0,0,1,True,2.0,0.0,Man Utd,51.8,0.6,33.0,8.5,35,1,15,0,0,Coventry City (Home)
Gourna-Douath,MID,Hull City,5.0,0.0,0.0,a,0,0,0,0,0,0,0,0.00,0.00,0.00,0.00,0,0,0,0,0,0,0,True,2.0,0.0,Man Utd,0.0,0.0,0.0,0.0,0,0,0,0,0,Coventry City (Home)
Diop,DEF,Ipswich Town,4.0,17.5,2.0,a,90,0,0,0,1,0,0,0.01,0.00,0.01,0.66,0,0,0,0,0,0,1,True,2.0,1.0,Sunderland,7.2,0.8,2.0,1.0,7,0,2,0,0,Man Utd (Home)
Lukić,MID,Ipswich Town,5.0,0.1,5.0,a,90,0,1,0,1,0,1,0.02,0.00,0.02,0.66,0,0,0,0,0,0,1,True,2.0,1.0,Sunderland,23.4,14.8,2.0,4.0,22,0,5,0,0,Man Utd (Home)
Walton,GKP,Ipswich Town,4.5,0.5,0.0,a,0,0,0,0,0,0,0,0.00,0.00,0.00,0.00,0,0,0,0,0,0,0,True,2.0,1.0,Sunderland,0.0,0.0,0.0,0.0,0,0,0,0,0,Man Utd (Home)
Palmer,GKP,Ipswich Town,4.0,4.6,0.0,a,0,0,0,0,0,0,0,0.00,0.00,0.00,0.00,0,0,0,0,0,0,0,True,2.0,1.0,Sunderland,0.0,0.0,0.0,0.0,0,0,0,0,0,Man Utd (Home)
Button,GKP,Ipswich Town,4.0,0.4,0.0,a,0,0,0,0,0,0,0,0.00,0.00,0.00,0.00,0,0,0,0,0,0,0,True,2.0,1.0,Sunderland,0.0,0.0,0.0,0.0,0,0,0,0,0,Man Utd (Home)
Kipré,DEF,Ipswich Town,4.0,0.6,0.0,a,0,0,0,0,0,0,0,0.00,0.00,0.00,0.00,0,0,0,0,0,0,0,True,2.0,1.0,Sunderland,0.0,0.0,0.0,0.0,0,0,0,0,0,Man Utd (Home)
O'Shea,DEF,Ipswich Town,4.0,3.5,4.0,a,90,0,0,0,1,0,0,0.16,0.00,0.16,0.66,0,0,0,0,0,0,1,True,2.0,1.0,Sunderland,48.0,24.5,2.0,7.5,16,0,4,0,0,Man Utd (Home)
Davis,DEF,Ipswich Town,4.0,5.0,2.0,a,90,0,0,0,1,0,0,0.01,0.00,0.01,0.66,0,0,0,0,0,0,1,True,2.0,1.0,Sunderland,15.2,2.3,0.0,1.8,10,0,2,0,0,Man Utd (Home)
Greaves,DEF,Ipswich Town,4.0,1.5,2.0,a,90,0,0,0,1,0,0,0.00,0.00,0.00,0.66,0,0,0,0,0,0,1,True,2.0,1.0,Sunderland,16.4,1.3,0.0,1.8,12,0,2,0,0,Man Utd (Home)
Johnson,DEF,Ipswich Town,4.0,0.1,0.0,a,0,0,0,0,0,0,0,0.00,0.00,0.00,0.00,0,0,0,0,0,0,0,True,2.0,1.0,Sunderland,0.0,0.0,0.0,0.0,0,0,0,0,0,Man Utd (Home)
Furlong,DEF,Ipswich Town,4.0,0.6,0.0,a,0,0,0,0,0,0,0,0.00,0.00,0.00,0.00,0,0,0,0,0,0,0,True,2.0,1.0,Sunderland,0.0,0.0,0.0,0.0,0,0,0,0,0,Man Utd (Home)
Núñez,MID,Ipswich Town,5.0,0.1,4.0,a,79,0,0,0,1,0,0,0.03,0.03,0.06,0.63,0,0,0,0,0,0,1,True,2.0,1.0,Sunderland,13.0,7.3,4.0,2.4,26,0,4,0,0,Man Utd (Home)
Matusiwa,MID,Ipswich Town,5.0,0.0,0.0,i,0,0,0,0,0,0,0,0.00,0.00,0.00,0.00,0,0,0,0,0,0,0,True,2.0,1.0,Sunderland,0.0,0.0,0.0,0.0,0,0,0,0,0,Man Utd (Home)
Burns,MID,Ipswich Town,5.0,0.0,0.0,u,0,0,0,0,0,0,0,0.00,0.00,0.00,0.00,0,0,0,0,0,0,0,True,2.0,1.0,Sunderland,0.0,0.0,0.0,0.0,0,0,0,0,0,Man Utd (Home)
Taylor,MID,Ipswich Town,4.5,0.0,0.0,i,0,0,0,0,0,0,0,0.00,0.00,0.00,0.00,0,0,0,0,0,0,0,True,2.0,1.0,Sunderland,0.0,0.0,0.0,0.0,0,0,0,0,0,Man Utd (Home)
Clarke,MID,Ipswich Town,5.5,0.3,7.0,a,19,1,0,0,0,1,0,0.00,0.10,0.10,0.03,0,0,0,0,0,0,0,True,2.0,1.0,Sunderland,33.6,0.6,18.0,5.2,27,1,7,0,0,Man Utd (Home)
Ogbene,MID,Ipswich Town,5.0,0.0,0.0,a,0,0,0,0,0,0,0,0.00,0.00,0.00,0.00,0,0,0,0,0,0,0,True,2.0,1.0,Sunderland,0.0,0.0,0.0,0.0,0,0,0,0,0,Man Utd (Home)
Fatawu,MID,Ipswich Town,5.5,0.2,2.0,a,65,0,0,0,1,0,0,0.41,0.00,0.41,0.63,0,0,0,0,0,0,1,True,2.0,1.0,Sunderland,18.6,28.4,8.0,5.5,22,0,2,0,0,Man Utd (Home)
Emersonn,FWD,Ipswich Town,5.5,1.3,9.0,a,65,1,0,0,1,1,0,0.06,0.82,0.88,0.63,0,0,0,0,0,0,1,True,2.0,1.0,Sunderland,45.6,26.3,40.0,11.2,41,3,9,0,0,Man Utd (Home)
Hirst,FWD,Ipswich Town,5.0,0.2,0.0,u,0,0,0,0,0,0,0,0.00,0.00,0.00,0.00,0,0,0,0,0,0,0,True,2.0,1.0,Sunderland,0.0,0.0,0.0,0.0,0,0,0,0,0,Man Utd (Home)
Philogene,MID,Ipswich Town,5.5,0.2,0.0,i,0,0,0,0,0,0,0,0.00,0.00,0.00,0.00,0,0,0,0,0,0,0,True,2.0,1.0,Sunderland,0.0,0.0,0.0,0.0,0,0,0,0,0,Man Utd (Home)
Szmodics,MID,Ipswich Town,5.0,0.0,0.0,u,0,0,0,0,0,0,0,0.00,0.00,0.00,0.00,0,0,0,0,0,0,0,True,2.0,1.0,Sunderland,0.0,0.0,0.0,0.0,0,0,0,0,0,Man Utd (Home)
Akpom,FWD,Ipswich Town,5.0,0.5,1.0,a,24,0,0,0,0,0,0,0.00,0.00,0.00,0.03,0,0,0,0,0,0,0,True,2.0,1.0,Sunderland,1.4,0.0,2.0,0.3,3,0,1,0,0,Man Utd (Home)
Walle Egeli,FWD,Ipswich Town,4.5,2.3,1.0,a,10,0,0,0,0,0,0,0.00,0.00,0.00,0.03,0,0,0,0,0,0,0,True,2.0,1.0,Sunderland,0.0,0.1,0.0,0.0,3,0,1,0,0,Man Utd (Home)
Al-Hamadi,FWD,Ipswich Town,5.0,0.1,0.0,a,0,0,0,0,0,0,0,0.00,0.00,0.00,0.00,0,0,0,0,0,0,0,True,2.0,1.0,Sunderland,0.0,0.0,0.0,0.0,0,0,0,0,0,Man Utd (Home)
McAteer,MID,Ipswich Town,4.5,1.4,1.0,a,24,0,0,0,0,0,0,0.00,0.00,0.00,0.03,0,0,0,0,0,0,0,True,2.0,1.0,Sunderland,1.2,1.3,0.0,0.3,4,0,1,0,0,Man Utd (Home)
Mehmeti,MID,Ipswich Town,5.0,0.1,0.0,a,0,0,0,0,0,0,0,0.00,0.00,0.00,0.00,0,0,0,0,0,0,0,True,2.0,1.0,Sunderland,0.0,0.0,0.0,0.0,0,0,0,0,0,Man Utd (Home)
Van Oevelen,GKP,Ipswich Town,4.5,0.0,0.0,u,0,0,0,0,0,0,0,0.00,0.00,0.00,0.00,0,0,0,0,0,0,0,True,2.0,1.0,Sunderland,0.0,0.0,0.0,0.0,0,0,0,0,0,Man Utd (Home)
Maeda,MID,Ipswich Town,5.5,0.4,2.0,a,79,0,0,0,1,0,0,0.00,0.61,0.61,0.63,0,0,0,0,0,0,1,True,2.0,1.0,Sunderland,12.6,1.4,7.0,2.1,7,0,2,0,0,Man Utd (Home)
Scherpen,GKP,Ipswich Town,4.5,0.7,2.0,a,90,0,0,2,1,0,0,0.00,0.00,0.00,0.66,0,0,0,0,0,0,1,True,2.0,1.0,Sunderland,14.4,0.0,0.0,1.4,12,0,2,0,0,Man Utd (Home)
Florentino,MID,Ipswich Town,5.0,0.1,0.0,d,0,0,0,0,0,0,0,0.00,0.00,0.00,0.00,0,0,0,0,0,0,0,True,2.0,1.0,Sunderland,0.0,0.0,0.0,0.0,0,0,0,0,0,Man Utd (Home)
Enciso,MID,Ipswich Town,5.5,0.4,5.0,a,70,0,1,0,1,0,1,0.31,0.23,0.54,0.63,0,0,0,0,0,0,1,True,2.0,1.0,Sunderland,21.6,14.0,18.0,5.4,24,0,5,0,0,Man Utd (Home)
Ouattara,DEF,Ipswich Town,4.0,1.0,1.0,a,10,0,0,0,0,0,0,0.00,0.00,0.00,0.03,0,0,0,0,0,0,0,True,2.0,1.0,Sunderland,5.2,10.0,0.0,1.5,4,0,1,0,0,Man Utd (Home)
Humphreys,MID,Ipswich Town,4.5,0.0,0.0,a,0,0,0,0,0,0,0,0.00,0.00,0.00,0.00,0,0,0,0,0,0,0,True,2.0,1.0,Sunderland,0.0,0.0,0.0,0.0,0,0,0,0,0,Man Utd (Home)
Wilson,MID,Leeds,6.5,5.9,3.0,a,65,0,0,0,0,0,0,0.02,0.00,0.02,0.53,1,0,0,0,0,0,1,False,0.0,1.0,Nott'm Forest,6.2,15.3,4.0,2.6,8,0,3,0,0,Brentford (Away)
Perri,GKP,Leeds,4.5,0.6,0.0,a,0,0,0,0,0,0,0,0.00,0.00,0.00,0.00,0,0,0,0,0,0,0,False,0.0,1.0,Nott'm Forest,0.0,0.0,0.0,0.0,0,0,0,0,0,Brentford (Away)
Bijol,DEF,Leeds,5.0,0.8,10.0,a,90,0,0,0,0,0,0,0.00,0.11,0.11,0.66,1,0,0,0,0,0,1,False,0.0,1.0,Nott'm Forest,23.6,0.4,15.0,3.9,28,2,10,0,0,Brentford (Away)
Rodon,DEF,Leeds,4.5,3.6,6.0,a,90,0,0,0,0,0,0,0.06,0.03,0.09,0.66,1,0,0,0,0,0,1,False,0.0,1.0,Nott'm Forest,14.4,14.4,5.0,3.4,21,0,6,0,0,Brentford (Away)
Bogle,DEF,Leeds,4.5,0.6,6.0,a,90,0,0,0,0,0,0,0.00,0.00,0.00,0.66,1,0,0,0,0,0,1,False,0.0,1.0,Nott'm Forest,7.0,1.1,0.0,0.8,24,0,6,0,0,Brentford (Away)
Gudmundsson,DEF,Leeds,4.5,0.0,0.0,i,0,0,0,0,0,0,0,0.00,0.00,0.00,0.00,0,0,0,0,0,0,0,False,0.0,1.0,Nott'm Forest,0.0,0.0,0.0,0.0,0,0,0,0,0,Brentford (Away)
Justin,DEF,Leeds,4.5,0.9,10.0,a,90,0,0,0,0,0,0,0.01,0.00,0.01,0.66,1,0,0,0,0,0,1,False,0.0,1.0,Nott'm Forest,24.6,2.3,2.0,2.9,28,2,10,0,0,Brentford (Away)
Bornauw,DEF,Leeds,4.5,0.0,0.0,u,0,0,0,0,0,0,0,0.00,0.00,0.00,0.00,0,0,0,0,0,0,0,False,0.0,1.0,Nott'm Forest,0.0,0.0,0.0,0.0,0,0,0,0,0,Brentford (Away)
Muharemović,DEF,Leeds,5.0,3.4,6.0,a,90,0,0,0,0,0,0,0.00,0.09,0.09,0.66,1,0,0,0,0,0,1,False,0.0,1.0,Nott'm Forest,15.6,0.6,17.0,3.3,25,0,6,0,0,Brentford (Away)
Stach,MID,Leeds,6.0,1.7,13.0,a,90,1,0,0,0,1,0,0.05,0.10,0.15,0.66,1,0,0,0,0,0,1,False,0.0,1.0,Nott'm Forest,47.8,2.3,16.0,6.6,37,3,13,0,0,Brentford (Away)
Okafor,MID,Leeds,6.0,0.5,1.0,a,24,0,0,0,0,0,0,0.16,0.00,0.16,0.13,0,0,0,0,0,0,0,False,0.0,1.0,Nott'm Forest,10.0,14.0,4.0,2.8,10,0,1,0,0,Brentford (Away)
Aaronson,MID,Leeds,5.5,0.9,3.0,a,81,0,0,0,0,0,0,0.01,0.01,0.02,0.58,1,0,0,0,0,0,1,False,0.0,1.0,Nott'm Forest,8.0,1.1,7.0,1.6,16,0,3,0,0,Brentford (Away)
Ampadu,MID,Leeds,5.5,1.4,5.0,a,90,0,0,0,0,0,0,0.04,0.00,0.04,0.66,1,0,0,0,0,0,1,False,0.0,1.0,Nott'm Forest,18.6,23.3,0.0,4.2,18,0,5,0,0,Brentford (Away)
Longstaff,MID,Leeds,5.0,0.1,1.0,a,8,0,0,0,0,0,0,0.00,0.00,0.00,0.07,0,0,0,0,0,0,0,False,0.0,1.0,Nott'm Forest,0.0,0.2,0.0,0.0,3,0,1,0,0,Brentford (Away)
Gnonto,MID,Leeds,5.0,0.0,0.0,i,0,0,0,0,0,0,0,0.00,0.00,0.00,0.00,0,0,0,0,0,0,0,False,0.0,1.0,Nott'm Forest,0.0,0.0,0.0,0.0,0,0,0,0,0,Brentford (Away)
Harrison,MID,Leeds,5.0,0.0,0.0,u,0,0,0,0,0,0,0,0.00,0.00,0.00,0.00,0,0,0,0,0,0,0,False,0.0,1.0,Nott'm Forest,0.0,0.0,0.0,0.0,0,0,0,0,0,Brentford (Away)
James,MID,Leeds,5.0,0.1,0.0,a,0,0,0,0,0,0,0,0.00,0.00,0.00,0.00,0,0,0,0,0,0,0,False,0.0,1.0,Nott'm Forest,0.0,0.0,0.0,0.0,0,0,0,0,0,Brentford (Away)
Gruev,MID,Leeds,5.0,0.0,0.0,i,0,0,0,0,0,0,0,0.00,0.00,0.00,0.00,0,0,0,0,0,0,0,False,0.0,1.0,Nott'm Forest,0.0,0.0,0.0,0.0,0,0,0,0,0,Brentford (Away)
Tanaka,MID,Leeds,5.0,0.2,0.0,a,0,0,0,0,0,0,0,0.00,0.00,0.00,0.00,0,0,0,0,0,0,0,False,0.0,1.0,Nott'm Forest,0.0,0.0,0.0,0.0,0,0,0,0,0,Brentford (Away)
Calvert-Lewin,FWD,Leeds,6.0,29.5,1.0,a,90,0,0,0,0,0,0,0.00,0.13,0.13,0.66,1,0,0,0,1,0,1,False,0.0,1.0,Nott'm Forest,0.0,0.8,11.0,0.7,-2,0,1,0,0,Brentford (Away)
Nmecha,FWD,Leeds,5.5,0.6,0.0,a,0,0,0,0,0,0,0,0.00,0.00,0.00,0.00,0,0,0,0,0,0,0,False,0.0,1.0,Nott'm Forest,0.0,0.0,0.0,0.0,0,0,0,0,0,Brentford (Away)
Piroe,FWD,Leeds,5.0,0.1,0.0,u,0,0,0,0,0,0,0,0.00,0.00,0.00,0.00,0,0,0,0,0,0,0,False,0.0,1.0,Nott'm Forest,0.0,0.0,0.0,0.0,0,0,0,0,0,Brentford (Away)
Mateo Joseph,FWD,Leeds,4.5,0.1,0.0,i,0,0,0,0,0,0,0,0.00,0.00,0.00,0.00,0,0,0,0,0,0,0,False,0.0,1.0,Nott'm Forest,0.0,0.0,0.0,0.0,0,0,0,0,0,Brentford (Away)
Trafford,GKP,Leeds,5.0,3.7,9.0,a,90,0,0,3,0,0,0,0.00,0.00,0.00,0.66,1,0,0,0,0,0,1,False,0.0,1.0,Nott'm Forest,19.4,0.0,0.0,1.9,28,2,9,0,0,Brentford (Away)
Elvedi,DEF,Leeds,4.5,0.0,0.0,a,0,0,0,0,0,0,0,0.00,0.00,0.00,0.00,0,0,0,0,0,0,0,False,0.0,1.0,Nott'm Forest,0.0,0.0,0.0,0.0,0,0,0,0,0,Brentford (Away)
Lienou,DEF,Leeds,4.0,0.1,0.0,a,0,0,0,0,0,0,0,0.00,0.00,0.00,0.00,0,0,0,0,0,0,0,False,0.0,1.0,Nott'm Forest,0.0,0.0,0.0,0.0,0,0,0,0,0,Brentford (Away)
Cresswell,MID,Leeds,4.5,0.1,0.0,a,0,0,0,0,0,0,0,0.00,0.00,0.00,0.00,0,0,0,0,0,0,0,False,0.0,1.0,Nott'm Forest,0.0,0.0,0.0,0.0,0,0,0,0,0,Brentford (Away)
A.Becker,GKP,Liverpool,5.5,3.7,2.0,a,90,0,0,3,2,0,0,0.00,0.00,0.00,1.58,0,0,0,0,0,0,1,False,2.0,2.0,Newcastle,17.8,0.0,0.0,1.8,7,0,2,0,0,Nott'm Forest (Away)
Mamardashvili,GKP,Liverpool,5.0,0.2,0.0,a,0,0,0,0,0,0,0,0.00,0.00,0.00,0.00,0,0,0,0,0,0,0,False,2.0,2.0,Newcastle,0.0,0.0,0.0,0.0,0,0,0,0,0,Nott'm Forest (Away)
Woodman,GKP,Liverpool,4.0,1.1,0.0,a,0,0,0,0,0,0,0,0.00,0.00,0.00,0.00,0,0,0,0,0,0,0,False,2.0,2.0,Newcastle,0.0,0.0,0.0,0.0,0,0,0,0,0,Nott'm Forest (Away)
Pecsi,GKP,Liverpool,4.0,0.0,0.0,u,0,0,0,0,0,0,0,0.00,0.00,0.00,0.00,0,0,0,0,0,0,0,False,2.0,2.0,Newcastle,0.0,0.0,0.0,0.0,0,0,0,0,0,Nott'm Forest (Away)
Jaros,GKP,Liverpool,4.0,0.0,0.0,i,0,0,0,0,0,0,0,0.00,0.00,0.00,0.00,0,0,0,0,0,0,0,False,2.0,2.0,Newcastle,0.0,0.0,0.0,0.0,0,0,0,0,0,Nott'm Forest (Away)
Davies,GKP,Liverpool,4.0,0.1,0.0,a,0,0,0,0,0,0,0,0.00,0.00,0.00,0.00,0,0,0,0,0,0,0,False,2.0,2.0,Newcastle,0.0,0.0,0.0,0.0,0,0,0,0,0,Nott'm Forest (Away)
Virgil,DEF,Liverpool,6.5,19.6,2.0,a,90,0,0,0,2,0,0,0.01,0.25,0.26,1.58,0,0,0,0,1,0,1,False,2.0,2.0,Newcastle,25.6,1.6,24.0,5.1,8,0,2,0,0,Nott'm Forest (Away)
Frimpong,DEF,Liverpool,5.5,3.5,0.0,a,90,0,0,0,2,0,0,0.09,0.01,0.10,1.58,0,0,0,0,1,0,1,False,2.0,2.0,Newcastle,13.6,37.8,10.0,6.1,3,0,0,0,0,Nott'm Forest (Away)
Kerkez,DEF,Liverpool,5.5,3.6,0.0,a,90,0,0,0,2,0,0,0.02,0.02,0.04,1.58,0,0,0,0,1,0,1,False,2.0,2.0,Newcastle,18.0,13.8,12.0,4.4,3,0,0,0,0,Nott'm Forest (Away)
Gomez,DEF,Liverpool,5.0,0.0,0.0,i,0,0,0,0,0,0,0,0.00,0.00,0.00,0.00,0,0,0,0,0,0,0,False,2.0,2.0,Newcastle,0.0,0.0,0.0,0.0,0,0,0,0,0,Nott'm Forest (Away)
Bradley,DEF,Liverpool,5.0,0.0,0.0,i,0,0,0,0,0,0,0,0.00,0.00,0.00,0.00,0,0,0,0,0,0,0,False,2.0,2.0,Newcastle,0.0,0.0,0.0,0.0,0,0,0,0,0,Nott'm Forest (Away)
Lucky,DEF,Liverpool,4.0,0.1,0.0,a,0,0,0,0,0,0,0,0.00,0.00,0.00,0.00,0,0,0,0,0,0,0,False,2.0,2.0,Newcastle,0.0,0.0,0.0,0.0,0,0,0,0,0,Nott'm Forest (Away)
Jacquet,DEF,Liverpool,5.0,2.4,1.0,a,69,0,0,0,2,0,0,0.02,0.00,0.02,1.04,0,0,0,0,0,0,1,False,2.0,2.0,Newcastle,12.4,11.9,0.0,2.4,9,0,1,0,0,Nott'm Forest (Away)
Leoni,DEF,Liverpool,4.0,0.0,0.0,i,0,0,0,0,0,0,0,0.00,0.00,0.00,0.00,0,0,0,0,0,0,0,False,2.0,2.0,Newcastle,0.0,0.0,0.0,0.0,0,0,0,0,0,Nott'm Forest (Away)
Tsimikas,DEF,Liverpool,5.0,0.1,0.0,a,0,0,0,0,0,0,0,0.00,0.00,0.00,0.00,0,0,0,0,0,0,0,False,2.0,2.0,Newcastle,0.0,0.0,0.0,0.0,0,0,0,0,0,Nott'm Forest (Away)
Ramsay,DEF,Liverpool,4.0,0.2,0.0,a,0,0,0,0,0,0,0,0.00,0.00,0.00,0.00,0,0,0,0,0,0,0,False,2.0,2.0,Newcastle,0.0,0.0,0.0,0.0,0,0,0,0,0,Nott'm Forest (Away)
Wirtz,MID,Liverpool,7.5,12.0,2.0,a,62,0,0,0,2,0,0,0.04,0.26,0.30,0.51,0,0,0,0,0,0,1,False,2.0,2.0,Newcastle,9.8,17.9,29.0,5.7,16,0,2,0,0,Nott'm Forest (Away)
Gakpo,MID,Liverpool,7.0,5.2,12.0,a,90,1,0,0,2,1,0,0.15,0.30,0.45,1.58,0,0,0,0,0,0,1,False,2.0,2.0,Newcastle,44.0,34.0,37.0,11.5,33,3,12,0,0,Nott'm Forest (Away)
Szoboszlai,MID,Liverpool,7.0,42.8,8.0,a,90,1,0,0,2,1,0,0.27,0.85,1.12,1.58,0,0,0,0,0,0,1,False,2.0,2.0,Newcastle,50.4,47.1,21.0,11.9,29,1,8,0,0,Nott'm Forest (Away)
Ngumoha,MID,Liverpool,6.0,1.1,2.0,a,62,0,0,0,2,0,0,0.02,0.04,0.06,0.51,0,0,0,0,0,0,1,False,2.0,2.0,Newcastle,2.4,6.0,5.0,1.3,9,0,2,0,0,Nott'm Forest (Away)
Chiesa,MID,Liverpool,5.5,0.1,0.0,a,0,0,0,0,0,0,0,0.00,0.00,0.00,0.00,0,0,0,0,0,0,0,False,2.0,2.0,Newcastle,0.0,0.0,0.0,0.0,0,0,0,0,0,Nott'm Forest (Away)
Gravenberch,MID,Liverpool,6.0,2.0,5.0,a,77,0,1,0,2,0,1,0.05,0.06,0.11,1.10,0,0,0,0,0,0,1,False,2.0,2.0,Newcastle,24.4,16.0,4.0,4.4,26,0,5,0,0,Nott'm Forest (Away)
Mac Allister,MID,Liverpool,5.5,1.6,1.0,a,27,0,0,0,0,0,0,0.01,0.00,0.01,1.07,0,0,0,0,0,0,0,False,2.0,2.0,Newcastle,5.8,1.4,0.0,0.7,9,0,1,0,0,Nott'm Forest (Away)
C.Jones,MID,Liverpool,5.5,0.0,0.0,d,0,0,0,0,0,0,0,0.00,0.00,0.00,0.00,0,0,0,0,0,0,0,False,2.0,2.0,Newcastle,0.0,0.0,0.0,0.0,0,0,0,0,0,Nott'm Forest (Away)
Endo,MID,Liverpool,5.0,0.1,0.0,a,0,0,0,0,0,0,0,0.00,0.00,0.00,0.00,0,0,0,0,0,0,0,False,2.0,2.0,Newcastle,0.0,0.0,0.0,0.0,0,0,0,0,0,Nott'm Forest (Away)
Nyoni,MID,Liverpool,5.0,0.0,0.0,a,0,0,0,0,0,0,0,0.00,0.00,0.00,0.00,0,0,0,0,0,0,0,False,2.0,2.0,Newcastle,0.0,0.0,0.0,0.0,0,0,0,0,0,Nott'm Forest (Away)
Bajcetic,MID,Liverpool,5.0,0.0,0.0,i,0,0,0,0,0,0,0,0.00,0.00,0.00,0.00,0,0,0,0,0,0,0,False,2.0,2.0,Newcastle,0.0,0.0,0.0,0.0,0,0,0,0,0,Nott'm Forest (Away)
Munoz,MID,Liverpool,6.5,0.6,4.0,a,27,0,1,0,0,0,1,0.04,0.10,0.14,1.07,0,0,0,0,0,0,0,False,2.0,2.0,Newcastle,4.0,8.9,14.0,2.7,15,0,4,0,0,Nott'm Forest (Away)
McConnell,MID,Liverpool,4.5,0.3,0.0,a,0,0,0,0,0,0,0,0.00,0.00,0.00,0.00,0,0,0,0,0,0,0,False,2.0,2.0,Newcastle,0.0,0.0,0.0,0.0,0,0,0,0,0,Nott'm Forest (Away)
Isak,FWD,Liverpool,9.0,16.7,2.0,a,90,0,0,0,2,0,0,0.01,1.09,1.10,1.58,0,0,0,0,0,0,1,False,2.0,2.0,Newcastle,11.4,14.6,66.0,9.2,6,0,2,0,0,Nott'm Forest (Away)
Ekitiké,FWD,Liverpool,7.5,0.2,0.0,i,0,0,0,0,0,0,0,0.00,0.00,0.00,0.00,0,0,0,0,0,0,0,False,2.0,2.0,Newcastle,0.0,0.0,0.0,0.0,0,0,0,0,0,Nott'm Forest (Away)
Koumas,MID,Liverpool,5.0,0.0,1.0,a,12,0,0,0,0,0,0,0.00,0.03,0.03,0.48,0,0,0,0,0,0,0,False,2.0,2.0,Newcastle,1.2,0.5,7.0,0.9,4,0,1,0,0,Nott'm Forest (Away)
Danns,FWD,Liverpool,4.5,0.0,0.0,i,0,0,0,0,0,0,0,0.00,0.00,0.00,0.00,0,0,0,0,0,0,0,False,2.0,2.0,Newcastle,0.0,0.0,0.0,0.0,0,0,0,0,0,Nott'm Forest (Away)
Elliott,MID,Liverpool,5.5,0.1,0.0,a,0,0,0,0,0,0,0,0.00,0.00,0.00,0.00,0,0,0,0,0,0,0,False,2.0,2.0,Newcastle,0.0,0.0,0.0,0.0,0,0,0,0,0,Nott'm Forest (Away)
Araujo,DEF,Liverpool,5.5,2.7,1.0,a,20,0,0,0,0,0,0,0.03,0.00,0.03,0.54,0,0,0,0,0,0,0,False,2.0,2.0,Newcastle,13.2,1.2,0.0,1.4,3,0,1,0,0,Nott'm Forest (Away)
Grealish,MID,Man City,6.5,0.2,1.0,a,8,0,0,0,0,0,0,0.00,0.00,0.00,0.00,0,0,0,0,0,0,0,True,2.0,1.0,Bournemouth,1.0,0.6,0.0,0.2,2,0,1,0,0,Crystal Palace (Home)
Donnarumma,GKP,Man City,5.5,8.3,3.0,a,90,0,0,3,1,0,0,0.00,0.00,0.00,0.65,0,0,0,0,0,0,1,True,2.0,1.0,Bournemouth,26.8,0.0,0.0,2.7,12,0,3,0,0,Crystal Palace (Home)
Bettinelli,GKP,Man City,4.5,0.0,0.0,a,0,0,0,0,0,0,0,0.00,0.00,0.00,0.00,0,0,0,0,0,0,0,True,2.0,1.0,Bournemouth,0.0,0.0,0.0,0.0,0,0,0,0,0,Crystal Palace (Home)
O'Reilly,DEF,Man City,6.5,21.1,2.0,a,62,0,0,0,1,0,0,0.41,0.07,0.48,0.55,0,0,0,0,0,0,1,True,2.0,1.0,Bournemouth,8.8,30.4,11.0,5.0,5,0,2,0,0,Crystal Palace (Home)
Guéhi,DEF,Man City,6.0,18.8,10.0,a,90,1,0,0,1,1,0,0.32,0.89,1.21,0.65,0,0,0,0,0,0,1,True,2.0,1.0,Bournemouth,43.6,17.5,28.0,8.9,31,2,10,0,0,Crystal Palace (Home)
Matheus N.,DEF,Man City,6.0,1.6,1.0,a,33,0,0,0,0,0,0,0.04,0.00,0.04,0.10,0,0,0,0,0,0,0,True,2.0,1.0,Bournemouth,3.8,1.5,4.0,0.9,4,0,1,0,0,Crystal Palace (Home)
Rúben,DEF,Man City,5.5,1.8,2.0,a,90,0,0,0,1,0,0,0.14,0.00,0.14,0.65,0,0,0,0,0,0,1,True,2.0,1.0,Bournemouth,24.4,17.9,2.0,4.4,11,0,2,0,0,Crystal Palace (Home)
Gvardiol,DEF,Man City,5.5,12.8,9.0,a,90,1,0,0,1,1,0,0.05,0.19,0.24,0.65,0,0,0,0,0,0,1,True,2.0,1.0,Bournemouth,47.6,13.3,17.0,7.8,28,1,9,0,0,Crystal Palace (Home)
Aït-Nouri,DEF,Man City,5.5,0.9,0.0,a,0,0,0,0,0,0,0,0.00,0.00,0.00,0.00,0,0,0,0,0,0,0,True,2.0,1.0,Bournemouth,0.0,0.0,0.0,0.0,0,0,0,0,0,Crystal Palace (Home)
Khusanov,DEF,Man City,5.5,1.8,2.0,a,90,0,0,0,1,0,0,0.02,0.00,0.02,0.65,0,0,0,0,0,0,1,True,2.0,1.0,Bournemouth,17.0,3.4,0.0,2.0,14,0,2,0,0,Crystal Palace (Home)
Alleyne,DEF,Man City,5.0,0.0,0.0,u,0,0,0,0,0,0,0,0.00,0.00,0.00,0.00,0,0,0,0,0,0,0,True,2.0,1.0,Bournemouth,0.0,0.0,0.0,0.0,0,0,0,0,0,Crystal Palace (Home)
Lewis,DEF,Man City,4.5,0.2,1.0,a,56,0,0,0,1,0,0,0.02,0.17,0.19,0.55,0,0,0,0,0,0,1,True,2.0,1.0,Bournemouth,3.8,3.8,39.0,4.7,-1,0,1,0,0,Crystal Palace (Home)
Vitor Reis,DEF,Man City,4.5,0.0,0.0,a,0,0,0,0,0,0,0,0.00,0.00,0.00,0.00,0,0,0,0,0,0,0,True,2.0,1.0,Bournemouth,0.0,0.0,0.0,0.0,0,0,0,0,0,Crystal Palace (Home)
Semenyo,MID,Man City,8.5,25.0,2.0,a,90,0,0,0,1,0,0,0.02,0.06,0.08,0.65,0,0,0,0,0,0,1,True,2.0,1.0,Bournemouth,5.8,8.9,31.0,4.6,16,0,2,0,0,Crystal Palace (Home)
Foden,MID,Man City,7.0,4.2,1.0,a,81,0,0,0,1,0,0,0.40,0.12,0.52,0.65,0,0,0,0,1,0,1,True,2.0,1.0,Bournemouth,10.4,49.6,15.0,7.5,15,0,1,0,0,Crystal Palace (Home)
Cherki,MID,Man City,7.5,9.8,8.0,a,27,0,2,0,0,0,2,0.50,0.00,0.50,0.10,0,0,0,0,0,0,0,True,2.0,1.0,Bournemouth,39.2,48.8,4.0,9.2,28,1,8,0,0,Crystal Palace (Home)
Doku,MID,Man City,7.5,1.5,0.0,i,0,0,0,0,0,0,0,0.00,0.00,0.00,0.00,0,0,0,0,0,0,0,True,2.0,1.0,Bournemouth,0.0,0.0,0.0,0.0,0,0,0,0,0,Crystal Palace (Home)
Marmoush,FWD,Man City,7.0,1.0,0.0,a,0,0,0,0,0,0,0,0.00,0.00,0.00,0.00,0,0,0,0,0,0,0,True,2.0,1.0,Bournemouth,0.0,0.0,0.0,0.0,0,0,0,0,0,Crystal Palace (Home)
Rodrigo,MID,Man City,6.5,0.0,0.0,u,0,0,0,0,0,0,0,0.00,0.00,0.00,0.00,0,0,0,0,0,0,0,True,2.0,1.0,Bournemouth,0.0,0.0,0.0,0.0,0,0,0,0,0,Crystal Palace (Home)
Reijnders,MID,Man City,6.0,0.1,0.0,u,0,0,0,0,0,0,0,0.00,0.00,0.00,0.00,0,0,0,0,0,0,0,True,2.0,1.0,Bournemouth,0.0,0.0,0.0,0.0,0,0,0,0,0,Crystal Palace (Home)
N.Gonzalez,MID,Man City,5.5,0.1,0.0,a,0,0,0,0,0,0,0,0.00,0.00,0.00,0.00,0,0,0,0,0,0,0,True,2.0,1.0,Bournemouth,0.0,0.0,0.0,0.0,0,0,0,0,0,Crystal Palace (Home)
Kovačić,MID,Man City,5.5,0.1,1.0,a,27,0,0,0,0,0,0,0.01,0.00,0.01,0.10,0,0,0,0,0,0,0,True,2.0,1.0,Bournemouth,2.2,2.1,0.0,0.4,3,0,1,0,0,Crystal Palace (Home)
Echeverri,MID,Man City,5.0,0.0,0.0,a,0,0,0,0,0,0,0,0.00,0.00,0.00,0.00,0,0,0,0,0,0,0,True,2.0,1.0,Bournemouth,0.0,0.0,0.0,0.0,0,0,0,0,0,Crystal Palace (Home)
Phillips,MID,Man City,5.0,0.0,0.0,u,0,0,0,0,0,0,0,0.00,0.00,0.00,0.00,0,0,0,0,0,0,0,True,2.0,1.0,Bournemouth,0.0,0.0,0.0,0.0,0,0,0,0,0,Crystal Palace (Home)
Mukasa,MID,Man City,4.5,0.2,0.0,a,0,0,0,0,0,0,0,0.00,0.00,0.00,0.00,0,0,0,0,0,0,0,True,2.0,1.0,Bournemouth,0.0,0.0,0.0,0.0,0,0,0,0,0,Crystal Palace (Home)
Monga,MID,Man City,5.0,0.0,0.0,a,0,0,0,0,0,0,0,0.00,0.00,0.00,0.00,0,0,0,0,0,0,0,True,2.0,1.0,Bournemouth,0.0,0.0,0.0,0.0,0,0,0,0,0,Crystal Palace (Home)
Haaland,FWD,Man City,15.5,68.4,2.0,a,90,0,0,0,1,0,0,0.02,0.74,0.76,0.65,0,0,0,0,0,0,1,True,2.0,1.0,Bournemouth,3.8,5.2,50.0,5.9,6,0,2,0,0,Crystal Palace (Home)
Anderson,MID,Man City,6.5,6.6,2.0,d,62,0,0,0,1,0,0,0.25,0.00,0.25,0.55,0,0,0,0,0,0,1,True,2.0,1.0,Bournemouth,7.2,20.8,0.0,2.8,14,0,2,0,0,Crystal Palace (Home)
Rulli,GKP,Man City,5.0,0.0,0.0,a,0,0,0,0,0,0,0,0.00,0.00,0.00,0.00,0,0,0,0,0,0,0,True,2.0,1.0,Bournemouth,0.0,0.0,0.0,0.0,0,0,0,0,0,Crystal Palace (Home)
Tielemans,MID,Man Utd,6.0,2.4,2.0,a,66,0,0,0,2,0,0,0.11,0.04,0.15,0.94,0,0,0,0,0,0,1,False,2.0,0.0,Hull City,5.0,11.3,4.0,2.0,13,0,2,0,0,Ipswich Town (Away)
Andrey Santos,MID,Man Utd,5.0,1.0,2.0,a,66,0,0,0,2,0,0,0.23,0.00,0.23,0.94,0,0,0,0,0,0,1,False,2.0,0.0,Hull City,11.4,4.2,2.0,1.8,17,0,2,0,0,Ipswich Town (Away)
Darlow,GKP,Man Utd,4.5,0.0,0.0,a,0,0,0,0,0,0,0,0.00,0.00,0.00,0.00,0,0,0,0,0,0,0,False,2.0,0.0,Hull City,0.0,0.0,0.0,0.0,0,0,0,0,0,Ipswich Town (Away)
Lammens,GKP,Man Utd,5.0,15.9,1.0,a,90,0,0,2,2,0,0,0.00,0.00,0.00,1.01,0,0,0,0,0,0,1,False,2.0,0.0,Hull City,20.2,0.0,0.0,2.0,7,0,1,0,0,Ipswich Town (Away)
Bayindir,GKP,Man Utd,4.5,0.0,0.0,u,0,0,0,0,0,0,0,0.00,0.00,0.00,0.00,0,0,0,0,0,0,0,False,2.0,0.0,Hull City,0.0,0.0,0.0,0.0,0,0,0,0,0,Ipswich Town (Away)
Heaton,GKP,Man Utd,4.0,0.1,0.0,i,0,0,0,0,0,0,0,0.00,0.00,0.00,0.00,0,0,0,0,0,0,0,False,2.0,0.0,Hull City,0.0,0.0,0.0,0.0,0,0,0,0,0,Ipswich Town (Away)
Dorgu,MID,Man Utd,6.0,1.2,0.0,a,45,0,0,0,2,0,0,0.03,0.47,0.50,0.92,0,0,0,0,1,0,1,False,2.0,0.0,Hull City,0.0,1.2,16.0,0.7,-11,0,0,0,0,Ipswich Town (Away)
De Ligt,DEF,Man Utd,5.0,0.0,0.0,i,0,0,0,0,0,0,0,0.00,0.00,0.00,0.00,0,0,0,0,0,0,0,False,2.0,0.0,Hull City,0.0,0.0,0.0,0.0,0,0,0,0,0,Ipswich Town (Away)
Dalot,DEF,Man Utd,5.0,2.6,1.0,a,10,0,0,0,0,0,0,0.00,0.00,0.00,0.00,0,0,0,0,0,0,0,False,2.0,0.0,Hull City,7.6,11.3,0.0,1.9,6,0,1,0,0,Ipswich Town (Away)
Maguire,DEF,Man Utd,5.0,17.4,1.0,a,90,0,0,0,2,0,0,0.40,0.04,0.44,1.01,0,0,0,0,0,0,1,False,2.0,0.0,Hull City,25.4,28.6,19.0,7.3,15,0,1,0,0,Ipswich Town (Away)
Martinez,DEF,Man Utd,5.0,1.3,0.0,a,0,0,0,0,0,0,0,0.00,0.00,0.00,0.00,0,0,0,0,0,0,0,False,2.0,0.0,Hull City,0.0,0.0,0.0,0.0,0,0,0,0,0,Ipswich Town (Away)
Yoro,DEF,Man Utd,5.0,0.7,0.0,a,0,0,0,0,0,0,0,0.00,0.00,0.00,0.00,0,0,0,0,0,0,0,False,2.0,0.0,Hull City,0.0,0.0,0.0,0.0,0,0,0,0,0,Ipswich Town (Away)
Heaven,DEF,Man Utd,4.5,0.4,1.0,a,90,0,0,0,2,0,0,0.04,0.12,0.16,1.01,0,0,0,0,0,0,1,False,2.0,0.0,Hull City,6.8,2.6,11.0,2.0,5,0,1,0,0,Ipswich Town (Away)
Mazraoui,DEF,Man Utd,4.5,0.7,1.0,a,79,0,0,0,2,0,0,0.05,0.22,0.27,1.01,0,0,0,0,0,0,1,False,2.0,0.0,Hull City,17.4,29.4,9.0,5.6,8,0,1,0,0,Ipswich Town (Away)
Shaw,DEF,Man Utd,4.5,20.1,1.0,a,90,0,0,0,2,0,0,0.26,0.00,0.26,1.01,0,0,0,0,0,0,1,False,2.0,0.0,Hull City,25.2,59.2,6.0,9.0,13,0,1,0,0,Ipswich Town (Away)
Amass,DEF,Man Utd,4.0,0.2,0.0,a,0,0,0,0,0,0,0,0.00,0.00,0.00,0.00,0,0,0,0,0,0,0,False,2.0,0.0,Hull City,0.0,0.0,0.0,0.0,0,0,0,0,0,Ipswich Town (Away)
Fredricson,DEF,Man Utd,4.0,0.0,0.0,u,0,0,0,0,0,0,0,0.00,0.00,0.00,0.00,0,0,0,0,0,0,0,False,2.0,0.0,Hull City,0.0,0.0,0.0,0.0,0,0,0,0,0,Ipswich Town (Away)
B.Fernandes,MID,Man Utd,12.0,49.4,2.0,a,90,0,0,0,2,0,0,0.26,0.08,0.34,1.01,0,0,0,0,0,0,1,False,2.0,0.0,Hull City,20.2,55.4,17.0,9.3,18,0,2,0,0,Ipswich Town (Away)
Mbeumo,MID,Man Utd,8.0,36.7,2.0,a,90,0,0,0,2,0,0,0.23,0.50,0.73,1.01,0,0,0,0,0,0,1,False,2.0,0.0,Hull City,9.6,28.1,49.0,8.7,12,0,2,0,0,Ipswich Town (Away)
Cunha,MID,Man Utd,8.0,9.7,2.0,a,79,0,0,0,2,0,0,0.21,0.24,0.45,1.01,0,0,0,0,0,0,1,False,2.0,0.0,Hull City,5.4,28.2,35.0,6.9,14,0,2,0,0,Ipswich Town (Away)
Rashford,MID,Man Utd,7.0,1.7,1.0,a,45,0,0,0,0,0,0,0.10,0.00,0.10,0.09,0,0,0,0,0,0,0,False,2.0,0.0,Hull City,11.6,48.6,4.0,6.4,9,0,1,0,0,Ipswich Town (Away)
Mount,MID,Man Utd,5.5,0.0,0.0,d,0,0,0,0,0,0,0,0.00,0.00,0.00,0.00,0,0,0,0,0,0,0,False,2.0,0.0,Hull City,0.0,0.0,0.0,0.0,0,0,0,0,0,Ipswich Town (Away)
Amad,MID,Man Utd,6.0,1.2,0.0,d,0,0,0,0,0,0,0,0.00,0.00,0.00,0.00,0,0,0,0,0,0,0,False,2.0,0.0,Hull City,0.0,0.0,0.0,0.0,0,0,0,0,0,Ipswich Town (Away)
Mainoo,MID,Man Utd,5.5,1.0,1.0,a,23,0,0,0,0,0,0,0.01,0.07,0.08,0.07,0,0,0,0,0,0,0,False,2.0,0.0,Hull City,2.8,2.5,2.0,0.7,7,0,1,0,0,Ipswich Town (Away)
Ugarte,MID,Man Utd,5.0,0.0,0.0,i,0,0,0,0,0,0,0,0.00,0.00,0.00,0.00,0,0,0,0,0,0,0,False,2.0,0.0,Hull City,0.0,0.0,0.0,0.0,0,0,0,0,0,Ipswich Town (Away)
J.Fletcher,MID,Man Utd,5.0,0.0,0.0,a,0,0,0,0,0,0,0,0.00,0.00,0.00,0.00,0,0,0,0,0,0,0,False,2.0,0.0,Hull City,0.0,0.0,0.0,0.0,0,0,0,0,0,Ipswich Town (Away)
Lacey,MID,Man Utd,5.0,0.0,1.0,a,10,0,0,0,0,0,0,0.00,0.00,0.00,0.00,0,0,0,0,0,0,0,False,2.0,0.0,Hull City,0.2,0.6,0.0,0.1,3,0,1,0,0,Ipswich Town (Away)
Collyer,MID,Man Utd,5.0,0.0,0.0,a,0,0,0,0,0,0,0,0.00,0.00,0.00,0.00,0,0,0,0,0,0,0,False,2.0,0.0,Hull City,0.0,0.0,0.0,0.0,0,0,0,0,0,Ipswich Town (Away)
Bendito Mantato,MID,Man Utd,4.5,0.2,0.0,a,0,0,0,0,0,0,0,0.00,0.00,0.00,0.00,0,0,0,0,0,0,0,False,2.0,0.0,Hull City,0.0,0.0,0.0,0.0,0,0,0,0,0,Ipswich Town (Away)
Fletcher,MID,Man Utd,4.5,0.3,0.0,a,0,0,0,0,0,0,0,0.00,0.00,0.00,0.00,0,0,0,0,0,0,0,False,2.0,0.0,Hull City,0.0,0.0,0.0,0.0,0,0,0,0,0,Ipswich Town (Away)
Šeško,FWD,Man Utd,7.0,1.7,1.0,a,23,0,0,0,0,0,0,0.00,0.04,0.04,0.07,0,0,0,0,0,0,0,False,2.0,0.0,Hull City,0.0,0.5,9.0,0.9,2,0,1,0,0,Ipswich Town (Away)
Zirkzee,FWD,Man Utd,5.5,0.6,0.0,a,0,0,0,0,0,0,0,0.00,0.00,0.00,0.00,0,0,0,0,0,0,0,False,2.0,0.0,Hull City,0.0,0.0,0.0,0.0,0,0,0,0,0,Ipswich Town (Away)
Obi,FWD,Man Utd,4.5,1.1,0.0,a,0,0,0,0,0,0,0,0.00,0.00,0.00,0.00,0,0,0,0,0,0,0,False,2.0,0.0,Hull City,0.0,0.0,0.0,0.0,0,0,0,0,0,Ipswich Town (Away)
Pope,GKP,Newcastle,5.0,1.3,0.0,a,0,0,0,0,0,0,0,0.00,0.00,0.00,0.00,0,0,0,0,0,0,0,True,2.0,2.0,Liverpool,0.0,0.0,0.0,0.0,0,0,0,0,0,Spurs (Home)
Gillespie,GKP,Newcastle,4.5,0.0,0.0,a,0,0,0,0,0,0,0,0.00,0.00,0.00,0.00,0,0,0,0,0,0,0,True,2.0,2.0,Liverpool,0.0,0.0,0.0,0.0,0,0,0,0,0,Spurs (Home)
Jaouen,GKP,Newcastle,4.5,0.0,0.0,a,0,0,0,0,0,0,0,0.00,0.00,0.00,0.00,0,0,0,0,0,0,0,True,2.0,2.0,Liverpool,0.0,0.0,0.0,0.0,0,0,0,0,0,Spurs (Home)
Thiaw,DEF,Newcastle,5.0,1.7,3.0,a,90,0,0,0,2,0,0,0.00,0.00,0.00,2.98,0,0,0,0,0,0,1,True,2.0,2.0,Liverpool,37.8,0.2,0.0,3.8,0,0,3,0,0,Spurs (Home)
Schär,DEF,Newcastle,5.0,0.3,1.0,a,1,0,0,0,1,0,0,0.00,0.00,0.00,0.79,0,0,0,0,0,0,0,True,2.0,2.0,Liverpool,0.0,0.0,0.0,0.0,-1,0,1,0,0,Spurs (Home)
Botman,DEF,Newcastle,5.0,0.5,3.0,a,90,0,0,0,2,0,0,0.01,0.00,0.01,2.98,0,0,0,0,0,0,1,True,2.0,2.0,Liverpool,32.4,0.3,0.0,3.3,4,0,3,0,0,Spurs (Home)
Burn,DEF,Newcastle,5.0,1.9,0.0,i,0,0,0,0,0,0,0,0.00,0.00,0.00,0.00,0,0,0,0,0,0,0,True,2.0,2.0,Liverpool,0.0,0.0,0.0,0.0,0,0,0,0,0,Spurs (Home)
Hall,DEF,Newcastle,5.0,4.0,3.0,a,90,0,0,0,2,0,0,0.35,0.00,0.35,2.98,0,0,0,0,0,0,1,True,2.0,2.0,Liverpool,22.0,15.2,0.0,3.7,8,0,3,0,0,Spurs (Home)
Livramento,DEF,Newcastle,5.0,0.0,0.0,i,0,0,0,0,0,0,0,0.00,0.00,0.00,0.00,0,0,0,0,0,0,0,True,2.0,2.0,Liverpool,0.0,0.0,0.0,0.0,0,0,0,0,0,Spurs (Home)
A.Murphy,DEF,Newcastle,4.0,0.1,0.0,u,0,0,0,0,0,0,0,0.00,0.00,0.00,0.00,0,0,0,0,0,0,0,True,2.0,2.0,Liverpool,0.0,0.0,0.0,0.0,0,0,0,0,0,Spurs (Home)
Barnes,MID,Newcastle,6.0,1.1,2.0,a,90,0,0,0,2,0,0,0.02,0.07,0.09,2.98,0,0,0,0,0,0,1,True,2.0,2.0,Liverpool,5.2,2.4,9.0,1.7,12,0,2,0,0,Spurs (Home)
Elanga,MID,Newcastle,6.0,1.6,9.0,a,75,1,0,0,1,1,0,0.01,0.22,0.23,1.94,0,0,0,0,0,0,1,True,2.0,2.0,Liverpool,37.4,3.5,28.0,6.9,31,2,9,0,0,Spurs (Home)
J.Ramsey,MID,Newcastle,5.0,0.4,0.0,a,34,0,0,0,1,0,0,0.01,0.06,0.07,1.50,0,0,0,0,1,0,0,True,2.0,2.0,Liverpool,7.8,1.3,4.0,1.3,1,0,0,0,0,Spurs (Home)
J.Murphy,MID,Newcastle,6.0,0.2,0.0,a,14,0,0,0,1,0,0,0.00,0.00,0.00,1.04,0,0,0,0,1,0,0,True,2.0,2.0,Liverpool,0.0,0.1,2.0,0.1,-1,0,0,0,0,Spurs (Home)
Joelinton,MID,Newcastle,5.5,0.0,0.0,i,0,0,0,0,0,0,0,0.00,0.00,0.00,0.00,0,0,0,0,0,0,0,True,2.0,2.0,Liverpool,0.0,0.0,0.0,0.0,0,0,0,0,0,Spurs (Home)
L.Miley,MID,Newcastle,5.5,0.1,3.0,a,75,0,0,0,1,0,0,0.01,0.05,0.06,1.94,0,0,0,0,1,0,1,True,2.0,2.0,Liverpool,15.6,21.4,3.0,4.0,13,0,3,0,0,Spurs (Home)
Willock,MID,Newcastle,5.0,0.2,6.0,a,34,1,0,0,1,1,0,0.17,0.09,0.26,1.50,0,0,0,0,0,0,0,True,2.0,2.0,Liverpool,38.4,13.9,9.0,6.1,28,0,6,0,0,Spurs (Home)
Touré,MID,Newcastle,6.0,0.2,0.0,a,0,0,0,0,0,0,0,0.00,0.00,0.00,0.00,0,0,0,0,0,0,0,True,2.0,2.0,Liverpool,0.0,0.0,0.0,0.0,0,0,0,0,0,Spurs (Home)
Steur,MID,Newcastle,5.0,0.1,1.0,a,55,0,0,0,1,0,0,0.00,0.00,0.00,1.48,0,0,0,0,0,0,1,True,2.0,2.0,Liverpool,0.4,1.2,0.0,0.2,3,0,1,0,0,Spurs (Home)
Woltemade,FWD,Newcastle,6.0,1.6,0.0,a,0,0,0,0,0,0,0,0.00,0.00,0.00,0.00,0,0,0,0,0,0,0,True,2.0,2.0,Liverpool,0.0,0.0,0.0,0.0,0,0,0,0,0,Spurs (Home)
Wissa,FWD,Newcastle,6.0,2.7,4.0,a,90,0,1,0,1,0,1,0.02,1.00,1.02,2.19,0,0,0,0,1,0,1,True,2.0,2.0,Liverpool,20.0,16.3,28.0,6.4,7,0,4,0,0,Spurs (Home)
Osula,FWD,Newcastle,6.0,1.2,4.0,d,55,0,1,0,1,0,1,0.14,0.06,0.20,1.48,0,0,0,0,0,0,1,True,2.0,2.0,Liverpool,28.2,13.7,8.0,5.0,18,0,4,0,0,Spurs (Home)
Neave,FWD,Newcastle,4.5,0.8,0.0,a,0,0,0,0,0,0,0,0.00,0.00,0.00,0.00,0,0,0,0,0,0,0,True,2.0,2.0,Liverpool,0.0,0.0,0.0,0.0,0,0,0,0,0,Spurs (Home)
Bamba,MID,Newcastle,5.0,0.1,1.0,a,14,0,0,0,1,0,0,0.00,0.00,0.00,1.04,0,0,0,0,0,0,0,True,2.0,2.0,Liverpool,4.0,0.0,0.0,0.4,5,0,1,0,0,Spurs (Home)
Horníček,GKP,Newcastle,5.0,0.7,1.0,a,90,0,0,5,2,0,0,0.00,0.00,0.00,2.98,0,0,0,0,1,0,1,True,2.0,2.0,Liverpool,41.2,0.0,0.0,4.1,12,0,1,0,0,Spurs (Home)
Dedić,DEF,Newcastle,4.5,0.3,1.0,a,90,0,0,0,2,0,0,0.00,0.03,0.03,2.98,0,0,0,0,0,0,1,True,2.0,2.0,Liverpool,16.4,1.2,5.0,2.3,-1,0,1,0,0,Spurs (Home)
Shahar,DEF,Newcastle,4.0,0.1,0.0,a,0,0,0,0,0,0,0,0.00,0.00,0.00,0.00,0,0,0,0,0,0,0,True,2.0,2.0,Liverpool,0.0,0.0,0.0,0.0,0,0,0,0,0,Spurs (Home)
Sels,GKP,Nott'm Forest,5.0,1.6,2.0,a,90,0,0,2,1,0,0,0.00,0.00,0.00,0.47,0,0,0,0,0,0,1,True,0.0,1.0,Leeds,14.2,0.0,0.0,1.4,11,0,2,0,0,Liverpool (Home)
John,GKP,Nott'm Forest,4.5,0.1,0.0,a,0,0,0,0,0,0,0,0.00,0.00,0.00,0.00,0,0,0,0,0,0,0,True,0.0,1.0,Leeds,0.0,0.0,0.0,0.0,0,0,0,0,0,Liverpool (Home)
N.Williams,DEF,Nott'm Forest,5.0,9.4,2.0,a,90,0,0,0,1,0,0,0.02,0.00,0.02,0.47,0,0,0,0,0,0,1,True,0.0,1.0,Leeds,15.2,5.8,6.0,2.7,13,0,2,0,0,Liverpool (Home)
Morato,DEF,Nott'm Forest,5.0,0.0,0.0,a,0,0,0,0,0,0,0,0.00,0.00,0.00,0.00,0,0,0,0,0,0,0,True,0.0,1.0,Leeds,0.0,0.0,0.0,0.0,0,0,0,0,0,Liverpool (Home)
Milenković,DEF,Nott'm Forest,5.5,1.9,2.0,a,90,0,0,0,1,0,0,0.02,0.11,0.13,0.47,0,0,0,0,0,0,1,True,0.0,1.0,Leeds,7.6,0.6,14.0,2.2,4,0,2,0,0,Liverpool (Home)
Murillo,DEF,Nott'm Forest,5.5,1.7,4.0,a,90,0,0,0,1,0,0,0.28,0.00,0.28,0.47,0,0,0,0,0,0,1,True,0.0,1.0,Leeds,32.2,25.9,0.0,5.8,15,0,4,0,0,Liverpool (Home)
Aina,DEF,Nott'm Forest,4.5,3.6,5.0,a,73,0,0,0,0,0,0,0.17,0.04,0.21,0.34,1,0,0,0,1,0,1,True,0.0,1.0,Leeds,16.0,35.6,11.0,6.3,24,0,5,0,0,Liverpool (Home)
Jair Cunha,DEF,Nott'm Forest,4.5,0.2,1.0,a,90,0,0,0,1,0,0,0.00,0.00,0.00,0.47,0,0,0,0,1,0,1,True,0.0,1.0,Leeds,20.8,1.3,0.0,2.2,5,0,1,0,0,Liverpool (Home)
Savona,DEF,Nott'm Forest,4.5,0.0,0.0,i,0,0,0,0,0,0,0,0.00,0.00,0.00,0.00,0,0,0,0,0,0,0,True,0.0,1.0,Leeds,0.0,0.0,0.0,0.0,0,0,0,0,0,Liverpool (Home)
O.Richards,DEF,Nott'm Forest,4.0,0.2,0.0,a,0,0,0,0,0,0,0,0.00,0.00,0.00,0.00,0,0,0,0,0,0,0,True,0.0,1.0,Leeds,0.0,0.0,0.0,0.0,0,0,0,0,0,Liverpool (Home)
Abbott,DEF,Nott'm Forest,4.0,0.3,0.0,a,0,0,0,0,0,0,0,0.00,0.00,0.00,0.00,0,0,0,0,0,0,0,True,0.0,1.0,Leeds,0.0,0.0,0.0,0.0,0,0,0,0,0,Liverpool (Home)
Netz,DEF,Nott'm Forest,4.5,0.0,1.0,a,16,0,0,0,1,0,0,0.00,0.00,0.00,0.13,0,0,0,0,0,0,0,True,0.0,1.0,Leeds,0.0,0.9,0.0,0.1,-2,0,1,0,0,Liverpool (Home)
Bindon,DEF,Nott'm Forest,4.0,0.2,0.0,a,0,0,0,0,0,0,0,0.00,0.00,0.00,0.00,0,0,0,0,0,0,0,True,0.0,1.0,Leeds,0.0,0.0,0.0,0.0,0,0,0,0,0,Liverpool (Home)
Gibbs-White,MID,Nott'm Forest,8.0,9.8,2.0,d,90,0,0,0,1,0,0,0.06,0.13,0.19,0.47,0,0,0,0,0,0,1,True,0.0,1.0,Leeds,0.0,9.3,16.0,2.4,10,0,2,0,0,Liverpool (Home)
Hudson-Odoi,MID,Nott'm Forest,6.0,0.2,0.0,a,0,0,0,0,0,0,0,0.00,0.00,0.00,0.00,0,0,0,0,0,0,0,True,0.0,1.0,Leeds,0.0,0.0,0.0,0.0,0,0,0,0,0,Liverpool (Home)
Ndoye,MID,Nott'm Forest,5.5,0.4,3.0,a,61,0,0,0,0,0,0,0.00,0.00,0.00,0.25,1,0,0,0,0,0,1,True,0.0,1.0,Leeds,1.4,2.5,0.0,0.4,5,0,3,0,0,Liverpool (Home)
Hutchinson,MID,Nott'm Forest,5.5,0.2,0.0,a,0,0,0,0,0,0,0,0.00,0.00,0.00,0.00,0,0,0,0,0,0,0,True,0.0,1.0,Leeds,0.0,0.0,0.0,0.0,0,0,0,0,0,Liverpool (Home)
Bakwa,MID,Nott'm Forest,5.5,0.0,0.0,a,0,0,0,0,0,0,0,0.00,0.00,0.00,0.00,0,0,0,0,0,0,0,True,0.0,1.0,Leeds,0.0,0.0,0.0,0.0,0,0,0,0,0,Liverpool (Home)
McAtee,MID,Nott'm Forest,5.5,0.0,3.0,a,73,0,0,0,0,0,0,0.16,0.00,0.16,0.34,1,0,0,0,0,0,1,True,0.0,1.0,Leeds,11.6,42.5,0.0,5.4,18,0,3,0,0,Liverpool (Home)
Dominguez,MID,Nott'm Forest,5.0,0.1,0.0,a,0,0,0,0,0,0,0,0.00,0.00,0.00,0.00,0,0,0,0,0,0,0,True,0.0,1.0,Leeds,0.0,0.0,0.0,0.0,0,0,0,0,0,Liverpool (Home)
I.Sangaré,MID,Nott'm Forest,5.0,1.0,2.0,a,90,0,0,0,1,0,0,0.01,0.03,0.04,0.47,0,0,0,0,0,0,1,True,0.0,1.0,Leeds,17.8,13.0,3.0,3.4,10,0,2,0,0,Liverpool (Home)
Yates,MID,Nott'm Forest,4.5,1.5,0.0,i,0,0,0,0,0,0,0,0.00,0.00,0.00,0.00,0,0,0,0,0,0,0,True,0.0,1.0,Leeds,0.0,0.0,0.0,0.0,0,0,0,0,0,Liverpool (Home)
Wood,FWD,Nott'm Forest,6.0,1.7,1.0,a,28,0,0,0,1,0,0,0.01,0.12,0.13,0.22,0,0,0,0,0,0,0,True,0.0,1.0,Leeds,0.0,2.4,3.0,0.4,3,0,1,0,0,Liverpool (Home)
Igor Jesus,FWD,Nott'm Forest,6.0,4.0,2.0,a,90,0,0,0,1,0,0,0.02,0.22,0.24,0.47,0,0,0,0,0,0,1,True,0.0,1.0,Leeds,5.2,6.8,31.0,4.3,8,0,2,0,0,Liverpool (Home)
Kalimuendo,FWD,Nott'm Forest,5.5,0.1,1.0,a,1,0,0,0,0,0,0,0.00,0.00,0.00,0.00,0,0,0,0,0,0,0,True,0.0,1.0,Leeds,0.0,0.0,0.0,0.0,3,0,1,0,0,Liverpool (Home)
Schlager,MID,Nott'm Forest,5.0,0.1,1.0,a,16,0,0,0,1,0,0,0.00,0.00,0.00,0.13,0,0,0,0,0,0,0,True,0.0,1.0,Leeds,0.6,1.0,2.0,0.4,3,0,1,0,0,Liverpool (Home)
Diomande,DEF,Nott'm Forest,5.5,0.8,0.0,a,0,0,0,0,0,0,0,0.00,0.00,0.00,0.00,0,0,0,0,0,0,0,True,0.0,1.0,Leeds,0.0,0.0,0.0,0.0,0,0,0,0,0,Liverpool (Home)
Benda,GKP,Nott'm Forest,4.5,0.1,0.0,a,0,0,0,0,0,0,0,0.00,0.00,0.00,0.00,0,0,0,0,0,0,0,True,0.0,1.0,Leeds,0.0,0.0,0.0,0.0,0,0,0,0,0,Liverpool (Home)
Van Hecke,DEF,Spurs,5.0,10.0,1.0,a,90,0,0,0,3,0,0,0.03,0.00,0.03,3.87,0,0,0,0,0,0,1,False,3.0,0.0,Brentford,28.2,2.8,2.0,3.3,3,0,1,0,0,Newcastle (Away)
Savinho,MID,Spurs,6.5,0.3,0.0,a,0,0,0,0,0,0,0,0.00,0.00,0.00,0.00,0,0,0,0,0,0,0,True,2.0,1.0,Bournemouth,0.0,0.0,0.0,0.0,0,0,0,0,0,Newcastle (Away)
Tonali,MID,Spurs,5.5,3.9,2.0,a,90,0,0,0,3,0,0,0.06,0.04,0.10,3.87,0,0,0,0,0,0,1,False,3.0,0.0,Brentford,6.2,6.4,8.0,2.1,14,0,2,0,0,Newcastle (Away)
Vicario,GKP,Spurs,4.5,0.3,0.0,u,0,0,0,0,0,0,0,0.00,0.00,0.00,0.00,0,0,0,0,0,0,0,False,3.0,0.0,Brentford,0.0,0.0,0.0,0.0,0,0,0,0,0,Newcastle (Away)
Austin,GKP,Spurs,4.0,0.9,0.0,a,0,0,0,0,0,0,0,0.00,0.00,0.00,0.00,0,0,0,0,0,0,0,False,3.0,0.0,Brentford,0.0,0.0,0.0,0.0,0,0,0,0,0,Newcastle (Away)
Kinsky,GKP,Spurs,4.5,23.2,2.0,a,90,0,0,5,3,0,0,0.00,0.00,0.00,3.87,0,0,0,0,0,0,1,False,3.0,0.0,Brentford,43.6,0.0,0.0,4.4,15,0,2,0,0,Newcastle (Away)
Dubravka,GKP,Spurs,4.0,18.9,0.0,a,0,0,0,0,0,0,0,0.00,0.00,0.00,0.00,0,0,0,0,0,0,0,False,3.0,0.0,Brentford,0.0,0.0,0.0,0.0,0,0,0,0,0,Newcastle (Away)
Senesi,DEF,Spurs,6.0,7.9,3.0,a,90,0,0,0,3,0,0,0.02,0.00,0.02,3.87,0,0,0,0,0,0,1,False,3.0,0.0,Brentford,36.6,2.2,0.0,3.9,10,0,3,0,0,Newcastle (Away)
Pedro Porro,DEF,Spurs,5.5,13.9,0.0,a,0,0,0,0,0,0,0,0.00,0.00,0.00,0.00,0,0,0,0,0,0,0,False,3.0,0.0,Brentford,0.0,0.0,0.0,0.0,0,0,0,0,0,Newcastle (Away)
Romero,DEF,Spurs,5.0,0.2,0.0,u,0,0,0,0,0,0,0,0.00,0.00,0.00,0.00,0,0,0,0,0,0,0,False,3.0,0.0,Brentford,0.0,0.0,0.0,0.0,0,0,0,0,0,Newcastle (Away)
Danso,DEF,Spurs,5.0,0.2,0.0,a,0,0,0,0,0,0,0,0.00,0.00,0.00,0.00,0,0,0,0,0,0,0,False,3.0,0.0,Brentford,0.0,0.0,0.0,0.0,0,0,0,0,0,Newcastle (Away)
Robertson,DEF,Spurs,4.5,3.9,3.0,a,90,0,0,0,3,0,0,0.06,0.00,0.06,3.87,0,0,0,0,0,0,1,False,3.0,0.0,Brentford,31.8,19.2,2.0,5.3,13,0,3,0,0,Newcastle (Away)
Van de Ven,DEF,Spurs,5.0,4.4,0.0,a,0,0,0,0,0,0,0,0.00,0.00,0.00,0.00,0,0,0,0,0,0,0,False,3.0,0.0,Brentford,0.0,0.0,0.0,0.0,0,0,0,0,0,Newcastle (Away)
Spence,DEF,Spurs,4.5,0.6,0.0,u,0,0,0,0,0,0,0,0.00,0.00,0.00,0.00,0,0,0,0,0,0,0,False,3.0,0.0,Brentford,0.0,0.0,0.0,0.0,0,0,0,0,0,Newcastle (Away)
Udogie,DEF,Spurs,4.5,0.5,1.0,a,4,0,0,0,0,0,0,0.02,0.00,0.02,0.44,0,0,0,0,0,0,0,False,3.0,0.0,Brentford,0.0,0.7,0.0,0.0,3,0,1,0,0,Newcastle (Away)
Phillips,DEF,Spurs,4.5,0.0,0.0,u,0,0,0,0,0,0,0,0.00,0.00,0.00,0.00,0,0,0,0,0,0,0,False,3.0,0.0,Brentford,0.0,0.0,0.0,0.0,0,0,0,0,0,Newcastle (Away)
Davies,DEF,Spurs,4.0,1.1,0.0,a,0,0,0,0,0,0,0,0.00,0.00,0.00,0.00,0,0,0,0,0,0,0,False,3.0,0.0,Brentford,0.0,0.0,0.0,0.0,0,0,0,0,0,Newcastle (Away)
Byfield,DEF,Spurs,4.0,0.1,0.0,a,0,0,0,0,0,0,0,0.00,0.00,0.00,0.00,0,0,0,0,0,0,0,False,3.0,0.0,Brentford,0.0,0.0,0.0,0.0,0,0,0,0,0,Newcastle (Away)
Rowswell,DEF,Spurs,4.0,0.1,0.0,a,0,0,0,0,0,0,0,0.00,0.00,0.00,0.00,0,0,0,0,0,0,0,False,3.0,0.0,Brentford,0.0,0.0,0.0,0.0,0,0,0,0,0,Newcastle (Away)
Souza,DEF,Spurs,4.0,0.3,0.0,a,0,0,0,0,0,0,0,0.00,0.00,0.00,0.00,0,0,0,0,0,0,0,False,3.0,0.0,Brentford,0.0,0.0,0.0,0.0,0,0,0,0,0,Newcastle (Away)
Kudus,MID,Spurs,6.5,0.1,0.0,d,0,0,0,0,0,0,0,0.00,0.00,0.00,0.00,0,0,0,0,0,0,0,False,3.0,0.0,Brentford,0.0,0.0,0.0,0.0,0,0,0,0,0,Newcastle (Away)
Xavi,MID,Spurs,6.0,0.0,0.0,i,0,0,0,0,0,0,0,0.00,0.00,0.00,0.00,0,0,0,0,0,0,0,False,3.0,0.0,Brentford,0.0,0.0,0.0,0.0,0,0,0,0,0,Newcastle (Away)
Tel,MID,Spurs,6.0,0.5,2.0,a,90,0,0,0,3,0,0,0.06,0.06,0.12,3.87,0,0,0,0,0,0,1,False,3.0,0.0,Brentford,10.4,26.0,9.0,4.5,17,0,2,0,0,Newcastle (Away)
Maddison,MID,Spurs,6.5,1.2,1.0,d,22,0,0,0,0,0,0,0.01,0.00,0.01,0.85,0,0,0,0,0,0,0,False,3.0,0.0,Brentford,4.4,8.3,8.0,2.1,6,0,1,0,0,Newcastle (Away)
Bentancur,MID,Spurs,5.5,0.2,1.0,a,45,0,0,0,1,0,0,0.01,0.00,0.01,2.18,0,0,0,0,0,0,0,False,3.0,0.0,Brentford,2.0,14.7,0.0,1.7,8,0,1,0,0,Newcastle (Away)
Odobert,MID,Spurs,5.5,0.0,0.0,i,0,0,0,0,0,0,0,0.00,0.00,0.00,0.00,0,0,0,0,0,0,0,False,3.0,0.0,Brentford,0.0,0.0,0.0,0.0,0,0,0,0,0,Newcastle (Away)
P.M.Sarr,MID,Spurs,5.0,0.2,0.0,i,0,0,0,0,0,0,0,0.00,0.00,0.00,0.00,0,0,0,0,0,0,0,False,3.0,0.0,Brentford,0.0,0.0,0.0,0.0,0,0,0,0,0,Newcastle (Away)
Gallagher,MID,Spurs,5.5,0.3,0.0,a,45,0,0,0,2,0,0,0.06,0.02,0.08,1.70,0,0,0,0,1,0,1,False,3.0,0.0,Brentford,0.0,5.5,1.0,0.5,1,0,0,0,0,Newcastle (Away)
Bergvall,MID,Spurs,5.5,0.2,1.0,a,45,0,0,0,2,0,0,0.01,0.00,0.01,1.70,0,0,0,0,0,0,1,False,3.0,0.0,Brentford,0.0,2.0,2.0,0.0,2,0,1,0,0,Newcastle (Away)
Kulusevski,MID,Spurs,6.5,0.0,0.0,i,0,0,0,0,0,0,0,0.00,0.00,0.00,0.00,0,0,0,0,0,0,0,False,3.0,0.0,Brentford,0.0,0.0,0.0,0.0,0,0,0,0,0,Newcastle (Away)
Gray,MID,Spurs,5.0,0.2,2.0,a,85,0,0,0,3,0,0,0.01,0.00,0.01,3.43,0,0,0,0,0,0,1,False,3.0,0.0,Brentford,6.2,3.3,0.0,1.0,15,0,2,0,0,Newcastle (Away)
Moore,MID,Spurs,5.0,0.2,2.0,a,67,0,0,0,3,0,0,0.02,0.38,0.40,3.02,0,0,0,0,0,0,1,False,3.0,0.0,Brentford,14.2,5.9,55.0,7.5,10,0,2,0,0,Newcastle (Away)
Olusesi,MID,Spurs,4.5,0.9,0.0,a,0,0,0,0,0,0,0,0.00,0.00,0.00,0.00,0,0,0,0,0,0,0,False,3.0,0.0,Brentford,0.0,0.0,0.0,0.0,0,0,0,0,0,Newcastle (Away)
Fernandes,MID,Spurs,6.0,1.7,1.0,a,45,0,0,0,1,0,0,0.06,0.00,0.06,2.18,0,0,0,0,0,0,0,False,3.0,0.0,Brentford,7.2,27.2,2.0,3.6,16,0,1,0,0,Newcastle (Away)
Solanke,FWD,Spurs,6.0,1.4,1.0,a,22,0,0,0,0,0,0,0.00,0.07,0.07,0.85,0,0,0,0,0,0,0,False,3.0,0.0,Brentford,0.0,0.0,5.0,0.5,3,0,1,0,0,Newcastle (Away)
Richarlison,FWD,Spurs,6.0,3.0,2.0,a,67,0,0,0,3,0,0,0.00,0.00,0.00,3.02,0,0,0,0,0,0,1,False,3.0,0.0,Brentford,0.0,2.2,0.0,0.2,6,0,2,0,0,Newcastle (Away)
Scarlett,FWD,Spurs,4.5,1.7,0.0,a,0,0,0,0,0,0,0,0.00,0.00,0.00,0.00,0,0,0,0,0,0,0,False,3.0,0.0,Brentford,0.0,0.0,0.0,0.0,0,0,0,0,0,Newcastle (Away)
Williams-Barnett,MID,Spurs,4.5,0.1,0.0,a,0,0,0,0,0,0,0,0.00,0.00,0.00,0.00,0,0,0,0,0,0,0,False,3.0,0.0,Brentford,0.0,0.0,0.0,0.0,0,0,0,0,0,Newcastle (Away)
Roefs,GKP,Sunderland,5.0,4.1,1.0,a,90,0,0,1,2,0,0,0.00,0.00,0.00,1.80,0,0,0,0,0,0,1,False,2.0,1.0,Ipswich Town,15.2,0.0,0.0,1.5,7,0,1,0,0,Fulham (Away)
Patterson,GKP,Sunderland,4.0,0.2,0.0,u,0,0,0,0,0,0,0,0.00,0.00,0.00,0.00,0,0,0,0,0,0,0,False,2.0,1.0,Ipswich Town,0.0,0.0,0.0,0.0,0,0,0,0,0,Fulham (Away)
Ellborg,GKP,Sunderland,4.5,0.1,0.0,a,0,0,0,0,0,0,0,0.00,0.00,0.00,0.00,0,0,0,0,0,0,0,False,2.0,1.0,Ipswich Town,0.0,0.0,0.0,0.0,0,0,0,0,0,Fulham (Away)
Ballard,DEF,Sunderland,5.0,5.3,0.0,a,90,0,0,0,2,0,0,0.01,0.00,0.01,1.80,0,0,0,0,1,0,1,False,2.0,1.0,Ipswich Town,18.2,1.2,0.0,1.9,4,0,0,0,0,Fulham (Away)
Mukiele,DEF,Sunderland,5.5,2.7,0.0,a,0,0,0,0,0,0,0,0.00,0.00,0.00,0.00,0,0,0,0,0,0,0,False,2.0,1.0,Ipswich Town,0.0,0.0,0.0,0.0,0,0,0,0,0,Fulham (Away)
Hume,DEF,Sunderland,4.5,6.6,2.0,a,79,0,0,0,1,0,0,0.27,0.04,0.31,1.69,0,0,0,0,0,0,1,False,2.0,1.0,Ipswich Town,9.4,39.4,13.0,6.2,14,0,2,0,0,Fulham (Away)
Alderete,DEF,Sunderland,5.0,0.5,1.0,a,23,0,0,0,1,0,0,0.01,0.00,0.01,0.10,0,0,0,0,0,0,0,False,2.0,1.0,Ipswich Town,0.0,0.6,0.0,0.0,2,0,1,0,0,Fulham (Away)
Reinildo,DEF,Sunderland,4.5,0.5,1.0,a,90,0,0,0,2,0,0,0.29,0.00,0.29,1.80,0,0,0,0,0,0,1,False,2.0,1.0,Ipswich Town,23.0,27.5,4.0,5.5,9,0,1,0,0,Fulham (Away)
Seelt,DEF,Sunderland,4.5,0.0,0.0,a,0,0,0,0,0,0,0,0.00,0.00,0.00,0.00,0,0,0,0,0,0,0,False,2.0,1.0,Ipswich Town,0.0,0.0,0.0,0.0,0,0,0,0,0,Fulham (Away)
Hjelde,DEF,Sunderland,4.0,0.1,0.0,u,0,0,0,0,0,0,0,0.00,0.00,0.00,0.00,0,0,0,0,0,0,0,False,2.0,1.0,Ipswich Town,0.0,0.0,0.0,0.0,0,0,0,0,0,Fulham (Away)
O'Nien,DEF,Sunderland,4.0,3.5,1.0,a,66,0,0,0,1,0,0,0.01,0.01,0.02,1.69,0,0,0,0,1,0,1,False,2.0,1.0,Ipswich Town,11.4,1.4,4.0,1.7,1,0,1,0,0,Fulham (Away)
Masuaku,DEF,Sunderland,4.0,0.2,0.0,u,0,0,0,0,0,0,0,0.00,0.00,0.00,0.00,0,0,0,0,0,0,0,False,2.0,1.0,Ipswich Town,0.0,0.0,0.0,0.0,0,0,0,0,0,Fulham (Away)
Meunier,DEF,Sunderland,4.5,0.3,1.0,a,90,0,0,0,2,0,0,0.08,0.08,0.16,1.80,0,0,0,0,0,0,1,False,2.0,1.0,Ipswich Town,13.8,5.3,11.0,3.0,5,0,1,0,0,Fulham (Away)
E.Le Fée,MID,Sunderland,6.0,9.2,2.0,a,79,0,0,0,1,0,0,0.03,0.00,0.03,1.69,0,0,0,0,0,0,1,False,2.0,1.0,Ipswich Town,4.6,9.9,0.0,1.5,13,0,2,0,0,Fulham (Away)
Diarra,MID,Sunderland,5.5,0.1,1.0,a,10,0,0,0,1,0,0,0.00,0.03,0.03,0.10,0,0,0,0,0,0,0,False,2.0,1.0,Ipswich Town,0.4,0.6,2.0,0.3,3,0,1,0,0,Fulham (Away)
Xhaka,MID,Sunderland,5.5,4.6,9.0,a,90,0,1,0,2,0,1,0.09,0.00,0.09,1.80,0,0,0,0,0,0,1,False,2.0,1.0,Ipswich Town,18.8,31.4,0.0,5.0,31,2,9,0,0,Fulham (Away)
Sadiki,MID,Sunderland,5.0,0.3,2.0,a,90,0,0,0,2,0,0,0.03,0.06,0.09,1.80,0,0,0,0,0,0,1,False,2.0,1.0,Ipswich Town,14.6,32.1,25.0,7.2,18,0,2,0,0,Fulham (Away)
Adingra,MID,Sunderland,5.0,0.1,0.0,i,0,0,0,0,0,0,0,0.00,0.00,0.00,0.00,0,0,0,0,0,0,0,False,2.0,1.0,Ipswich Town,0.0,0.0,0.0,0.0,0,0,0,0,0,Fulham (Away)
Mundle,MID,Sunderland,5.0,0.0,0.0,a,0,0,0,0,0,0,0,0.00,0.00,0.00,0.00,0,0,0,0,0,0,0,False,2.0,1.0,Ipswich Town,0.0,0.0,0.0,0.0,0,0,0,0,0,Fulham (Away)
Rigg,MID,Sunderland,5.0,0.1,1.0,a,10,0,0,0,1,0,0,0.00,0.00,0.00,0.10,0,0,0,0,0,0,0,False,2.0,1.0,Ipswich Town,0.0,0.3,0.0,0.0,3,0,1,0,0,Fulham (Away)
Talbi,MID,Sunderland,5.5,0.2,1.0,a,31,0,0,0,1,0,0,0.00,0.00,0.00,0.14,0,0,0,0,0,0,0,False,2.0,1.0,Ipswich Town,0.0,0.9,0.0,0.0,1,0,1,0,0,Fulham (Away)
Jocelin.T,MID,Sunderland,5.0,0.0,0.0,a,0,0,0,0,0,0,0,0.00,0.00,0.00,0.00,0,0,0,0,0,0,0,False,2.0,1.0,Ipswich Town,0.0,0.0,0.0,0.0,0,0,0,0,0,Fulham (Away)
Angulo,MID,Sunderland,5.0,0.1,5.0,a,58,1,0,0,1,1,0,0.01,0.15,0.16,1.66,0,0,0,0,1,0,1,False,2.0,1.0,Ipswich Town,32.8,3.3,16.0,5.2,23,0,5,0,0,Fulham (Away)
Brobbey,FWD,Sunderland,6.0,13.3,2.0,a,66,0,0,0,1,0,0,0.00,0.30,0.30,1.69,0,0,0,0,0,0,1,False,2.0,1.0,Ipswich Town,0.0,1.5,9.0,1.1,1,0,2,0,0,Fulham (Away)
Isidor,FWD,Sunderland,5.5,0.9,1.0,a,23,0,0,0,1,0,0,0.00,0.00,0.00,0.10,0,0,0,0,0,0,0,False,2.0,1.0,Ipswich Town,0.0,0.2,0.0,0.0,3,0,1,0,0,Fulham (Away)
Methalie,DEF,Sunderland,4.5,0.0,0.0,a,0,0,0,0,0,0,0,0.00,0.00,0.00,0.00,0,0,0,0,0,0,0,False,,,,0.0,0.0,0.0,0.0,0,0,0,0,0,Fulham (Away)
