Web name,Position,Team,Cost,Selected,Form,Home_Goals,Away_Goals,Season_Goals,Home_Assists,Away_Assists,Season_Assists,Total_Saves,Total_CS,Total_Points,Total_team_Goals,Total_team_HGoals,Total_team_AGoals,Total_team_GC,Total_team_HGC,Total_team_AGC,Min/xGI,Min/xGC,BPS/90,Bonus/90,Saves/90,Total_Minutes,Total_BPS,Total_Bonus,Season_xGI,Season_xGC,Recent_Points,Recent_xGI,Recent_xGC,Recent_Minutes,Recent_Starts,Points_per_Million,xGI_per90,Base_Form_Value,xGI_norm,Team_Attack_Norm,Team_Defence_Norm,Tuned_Score
De Cuyper,DEF,Brighton,4.6,7.8,17.0,1,0,1,2,1,3,0,3,38,16.0,8.0,8.0,5.0,1.0,4.0,251.7857142857143,1458.6206896551726,28.08510638297872,1.0638297872340423,0.0,423,132,5,1.68,0.29,7.6,1.906,4.932,84.6,5,8.260869565217392,0.35744680851063826,2.4695652173913043,1.0,0.9356096781623896,0.37009039925618803,2.6546104170193985
Mendy,DEF,Hull City,4.0,3.6,15.0,1,0,1,0,0,0,0,2,25,7.0,2.0,5.0,5.0,0.0,5.0,889.2857142857142,289.5348837209302,24.93975903614458,0.3614457831325301,0.0,249,69,1,0.28,0.86,5.0,0.306,2.9219999999999997,49.8,4,6.25,0.10120481927710845,2.25,0.283132530120482,0.39627441787737244,0.5791584012597931,2.5395792006298965
Ajayi,DEF,Hull City,4.0,1.8,14.0,1,0,1,0,0,0,0,3,27,7.0,2.0,5.0,5.0,0.0,5.0,813.4615384615385,491.8604651162791,16.80851063829787,0.425531914893617,0.0,423,79,2,0.52,0.86,5.4,0.576,3.7019999999999995,84.6,5,6.75,0.11063829787234042,2.21,0.30952380952380953,0.39627441787737244,0.5791584012597931,2.4995792006298965
Tzolakis,GKP,Hull City,4.5,2.7,10.0,0,0,0,0,0,0,17,3,34,7.0,2.0,5.0,5.0,0.0,5.0,,245.9016393442623,25.8,1.2,3.4,450,129,6,0.0,1.83,6.8,0.0,4.672,90.0,5,7.555555555555555,0.0,1.7955555555555556,0.0,0.39627441787737244,0.5791584012597931,2.085134756185452
Bogle,DEF,Leeds,4.5,0.6,6.0,1,1,2,0,0,0,0,4,42,7.0,5.0,2.0,3.0,2.0,1.0,,553.030303030303,30.08219178082192,1.4794520547945205,0.0,365,122,6,0.0,0.66,8.4,0.758,1.764,73.0,5,9.333333333333334,0.0,1.6533333333333333,0.0,0.43684185537511183,0.6090553513984199,1.9578610090325432
Justin,DEF,Leeds,4.5,1.1,10.0,0,0,0,0,0,0,0,2,26,7.0,5.0,2.0,3.0,2.0,1.0,45000.0,681.8181818181818,18.2,0.8,0.0,450,91,4,0.01,0.66,5.2,0.27199999999999996,3.874,90.0,5,5.777777777777778,0.002,1.5822222222222222,0.005595238095238096,0.43684185537511183,0.6090553513984199,1.886749897921432
Egan,DEF,Hull City,4.0,2.0,8.0,0,0,0,0,0,0,0,3,26,7.0,2.0,5.0,5.0,0.0,5.0,,238.79781420765028,14.622425629290618,0.205949656750572,0.0,437,71,1,0.0,1.83,5.2,0.018,4.646,87.4,5,6.5,0.0,1.58,0.0,0.39627441787737244,0.5791584012597931,1.8695792006298966
Janelt,MID,Brentford,5.0,0.4,9.0,2,0,2,0,0,0,0,2,28,10.0,7.0,3.0,4.0,1.0,3.0,803.5714285714284,789.4736842105264,21.8,0.6,0.0,450,109,3,0.56,0.57,5.6,0.79,3.63,90.0,5,5.6,0.11200000000000002,1.392,0.3133333333333334,0.8102963420146104,0.4558475426003437,1.8166037197051135
Calafiori,DEF,Arsenal,5.6,41.6,9.0,0,0,0,1,1,2,0,3,29,8.0,5.0,3.0,4.0,1.0,3.0,3200.0,6933.333333333334,16.442307692307693,0.4326923076923077,0.0,416,76,2,0.13,0.06,5.8,0.8859999999999999,1.4620000000000002,83.2,5,5.178571428571429,0.028125000000000004,1.2642857142857145,0.07868303571428574,0.5224600517405283,1.0,1.7642857142857145
Gvardiol,DEF,Man City,5.5,13.5,9.0,1,0,1,1,2,3,0,2,37,18.0,12.0,6.0,9.0,7.0,2.0,1808.3333333333333,667.6923076923076,27.995391705069125,1.2442396313364057,0.0,434,135,6,0.24,0.65,7.4,0.42400000000000004,3.114,86.8,5,6.7272727272727275,0.04976958525345622,1.461818181818182,0.1392363396971692,1.0,0.5320631246074443,1.727849744121904
Trafford,GKP,Leeds,5.0,4.2,9.0,0,0,0,0,0,0,20,2,28,7.0,5.0,2.0,3.0,2.0,1.0,,681.8181818181818,23.4,1.0,4.0,450,117,5,0.0,0.66,5.6,0.0,3.874,90.0,5,5.6,0.0,1.392,0.0,0.43684185537511183,0.6090553513984199,1.6965276756992098
Emersonn,FWD,Ipswich Town,5.5,1.7,9.0,1,1,2,0,1,1,0,0,26,7.0,2.0,5.0,11.0,3.0,8.0,360.22727272727275,503.1746031746032,31.23028391167193,1.7034700315457414,0.0,317,110,6,0.88,0.63,5.2,1.236,2.112,63.4,5,4.7272727272727275,0.2498422712933754,1.221818181818182,0.6989634970707527,0.41646817024713634,0.12922290229168842,1.6821156150865182
Stach,MID,Leeds,6.0,2.3,13.0,0,1,1,0,0,0,0,3,27,7.0,5.0,2.0,3.0,2.0,1.0,2980.0,677.2727272727273,17.315436241610737,0.6040268456375839,0.0,447,86,3,0.15,0.66,5.4,0.692,3.758,89.4,5,4.5,0.030201342281879193,1.406666666666667,0.08449185043144775,0.43684185537511183,0.6090553513984199,1.5975826487421074
Groß,MID,Brighton,5.5,13.0,2.0,1,2,3,1,3,4,0,3,47,16.0,8.0,8.0,5.0,1.0,4.0,1666.6666666666663,1551.7241379310346,33.2,1.8,0.0,450,166,9,0.27,0.29,9.4,1.372,4.986,90.0,5,8.545454545454545,0.054000000000000006,1.170909090909091,0.1510714285714286,0.9356096781623896,0.37009039925618803,1.56635462112307
João Pedro,FWD,Chelsea,7.6,67.8,11.0,2,1,3,2,1,3,0,0,33,10.0,6.0,4.0,12.0,5.0,7.0,521.7391304347826,270.6766917293233,35.25,1.75,0.0,360,141,7,0.69,1.33,6.6,1.8799999999999997,4.24,72.0,4,4.342105263157895,0.1725,1.0999999999999999,0.4825892857142857,0.6446065733566397,0.18319546396493122,1.5427774792462523
Gakpo,MID,Liverpool,7.0,6.1,12.0,0,1,1,1,2,3,0,2,32,7.0,2.0,5.0,4.0,2.0,2.0,822.2222222222222,234.1772151898734,27.486486486486488,1.2162162162162162,0.0,370,113,5,0.45,1.58,6.4,1.424,4.036,74.0,4,4.571428571428571,0.10945945945945948,1.2342857142857144,0.3062258687258688,0.4849300192834485,0.5344844352354683,1.5418128619615623
Guéhi,DEF,Man City,6.0,19.4,10.0,1,0,1,1,0,1,0,2,30,18.0,12.0,6.0,9.0,7.0,2.0,371.900826446281,692.3076923076923,22.8,0.8,0.0,450,114,4,1.21,0.65,6.0,1.268,3.114,90.0,5,5.0,0.242,1.2666666666666666,0.6770238095238096,1.0,0.5320631246074443,1.5326982289703888
Tavernier,MID,Bournemouth,6.0,2.4,10.0,1,2,3,0,0,0,0,0,31,6.0,3.0,3.0,8.0,4.0,4.0,883.3333333333334,188.44444444444449,32.47641509433962,1.69811320754717,0.0,424,153,8,0.48,2.25,6.2,1.6460000000000001,4.554,84.8,5,5.166666666666667,0.10188679245283018,1.2866666666666666,0.28504043126684636,0.2916784387419358,0.16632684442838203,1.5170223142964252
Cherki,MID,Man City,7.5,10.5,8.0,1,2,3,2,0,2,0,1,34,18.0,12.0,6.0,9.0,7.0,2.0,604.0,3020.0,44.70198675496689,1.490066225165563,0.0,302,150,5,0.5,0.1,6.8,1.614,1.86,60.4,4,4.533333333333333,0.14900662251655628,0.9706666666666667,0.4168637653736991,1.0,0.5320631246074443,1.5082553610848315
Raya,GKP,Arsenal,6.0,38.3,6.0,0,0,0,0,0,0,9,3,30,8.0,5.0,3.0,4.0,1.0,3.0,,2250.0,20.8,0.6,1.8,450,104,3,0.0,0.2,6.0,0.006,1.6800000000000002,90.0,5,5.0,0.0,1.0,0.0,0.5224600517405283,1.0,1.5
Tarkowski,DEF,Everton,6.0,8.7,6.0,0,1,1,1,0,1,0,3,43,10.0,5.0,5.0,4.0,2.0,2.0,9000.0,229.59183673469389,27.6,1.4,0.0,450,138,7,0.05,1.96,8.6,0.164,4.6659999999999995,90.0,5,7.166666666666667,0.01,1.26,0.02797619047619048,0.44137737492703416,0.42589547633360764,1.472947738166804
Ødegaard,MID,Arsenal,6.6,11.5,11.0,2,0,2,0,0,0,0,3,29,8.0,5.0,3.0,4.0,1.0,3.0,1216.1290322580646,6283.333333333334,32.705570291777185,1.4323607427055702,0.0,377,137,6,0.31,0.06,5.8,1.508,1.3599999999999999,75.4,5,4.3939393939393945,0.07400530503978779,1.193939393939394,0.20703865100416824,0.5224600517405283,1.0,1.4699678050004548
Mykolenko,DEF,Everton,4.5,1.6,6.0,0,0,0,0,0,0,0,3,27,10.0,5.0,5.0,4.0,2.0,2.0,9000.0,229.59183673469389,21.8,0.6,0.0,450,109,3,0.05,1.96,5.4,0.10400000000000001,4.6659999999999995,90.0,5,6.0,0.01,1.2533333333333334,0.02797619047619048,0.44137737492703416,0.42589547633360764,1.4662810715001373
Vuskovic,DEF,Brighton,5.0,2.5,6.0,1,0,1,0,0,0,0,3,32,16.0,8.0,8.0,5.0,1.0,4.0,2731.25,1506.896551724138,20.183066361556065,0.4118993135011441,0.0,437,98,2,0.16,0.29,6.4,0.368,4.898,87.4,5,6.4,0.032951945080091534,1.248,0.09218698921216086,0.9356096781623896,0.37009039925618803,1.433045199628094
Muharemović,DEF,Leeds,5.0,3.4,6.0,0,0,0,1,0,1,0,2,27,7.0,5.0,2.0,3.0,2.0,1.0,5000.0,681.8181818181818,20.2,0.0,0.0,450,101,0,0.09,0.66,5.4,0.194,3.874,90.0,5,5.4,0.018,1.1280000000000001,0.05035714285714286,0.43684185537511183,0.6090553513984199,1.43252767569921
Schade,MID,Brentford,6.0,3.5,3.0,0,3,3,2,0,2,0,2,39,10.0,7.0,3.0,4.0,1.0,3.0,843.3962264150942,784.2105263157896,27.78523489932886,1.2080536912751678,0.0,447,138,6,0.53,0.57,7.8,1.084,3.63,89.4,5,6.5,0.10671140939597316,0.98,0.2985378715244488,0.8102963420146104,0.4558475426003437,1.3979457618911155
Rogers,MID,Chelsea,7.5,26.1,8.0,1,2,3,1,0,1,0,0,29,10.0,6.0,4.0,12.0,5.0,7.0,412.2641509433962,352.4193548387097,27.80320366132723,0.4118993135011441,0.0,437,135,2,1.06,1.24,5.8,2.218,4.680000000000001,87.4,5,3.8666666666666667,0.21830663615560644,0.8906666666666666,0.6107388035305658,0.6446065733566397,0.18319546396493122,1.391111428930245
Pickford,GKP,Everton,5.5,8.8,7.0,0,0,0,0,0,0,15,3,25,10.0,5.0,5.0,4.0,2.0,2.0,22500.0,229.59183673469389,24.2,0.2,3.0,450,121,1,0.02,1.96,5.0,0.02,4.6659999999999995,90.0,5,4.545454545454546,0.004,1.0545454545454547,0.011190476190476192,0.44137737492703416,0.42589547633360764,1.2674931927122586
Branthwaite,DEF,Everton,5.5,1.8,6.0,0,0,0,0,0,0,0,3,27,10.0,5.0,5.0,4.0,2.0,2.0,45000.0,229.59183673469389,19.4,0.0,0.0,450,97,0,0.01,1.96,5.4,0.13799999999999998,4.6659999999999995,90.0,5,4.909090909090909,0.002,1.0254545454545456,0.005595238095238096,0.44137737492703416,0.42589547633360764,1.2384022836213495
Saka,MID,Arsenal,9.5,10.4,9.0,1,2,3,0,0,0,0,3,32,8.0,5.0,3.0,4.0,1.0,3.0,577.7777777777778,6933.333333333334,29.63942307692308,0.8653846153846154,0.0,416,137,4,0.72,0.06,6.4,2.294,1.4780000000000002,83.2,5,3.3684210526315788,0.15576923076923077,0.783157894736842,0.4357829670329671,0.5224600517405283,1.0,1.1621212480108623
Belloumi,MID,Hull City,5.0,0.6,3.0,0,2,2,0,2,2,0,3,31,7.0,2.0,5.0,5.0,0.0,5.0,4925.0,215.30054644808743,25.35532994923858,0.4568527918781725,0.0,394,111,2,0.08,1.83,6.2,0.44000000000000006,4.242,78.8,5,6.2,0.0182741116751269,0.984,0.051124002900652644,0.39627441787737244,0.5791584012597931,1.145701847562374
Gabriel,DEF,Arsenal,8.0,29.1,5.0,0,0,0,0,0,0,0,3,25,8.0,5.0,3.0,4.0,1.0,3.0,7500.0,2250.0,18.0,0.4,0.0,450,90,2,0.06,0.2,5.0,0.418,1.6800000000000002,90.0,5,3.125,0.012,0.625,0.03357142857142858,0.5224600517405283,1.0,1.125
Palmer,MID,Chelsea,9.5,15.6,13.0,1,1,2,1,1,2,0,0,28,10.0,6.0,4.0,12.0,5.0,7.0,940.4255319148936,356.4516129032258,30.13574660633484,0.6108597285067874,0.0,442,148,3,0.47,1.24,2.8,0.703,2.3400000000000003,44.2,5,2.9473684210526314,0.09570135746606334,0.7242105263157894,0.26773594053005817,0.6446065733566397,0.18319546396493122,1.0703040002291395
Kostoulas,FWD,Brighton,5.5,0.2,1.0,1,1,2,1,2,3,0,2,28,16.0,8.0,8.0,5.0,1.0,4.0,1961.111111111111,3530.0,26.770538243626063,0.7648725212464589,0.0,353,105,3,0.18,0.1,5.6,0.7999999999999999,4.604,70.6,4,5.090909090909091,0.04589235127478754,0.6836363636363636,0.1283893160663699,0.9356096781623896,0.37009039925618803,1.0688749432230664
Davis,DEF,Ipswich Town,4.0,4.9,2.0,0,2,2,0,2,2,0,0,25,7.0,2.0,5.0,11.0,3.0,8.0,45000.0,681.8181818181818,10.4,0.2,0.0,450,52,1,0.01,0.66,5.0,1.048,5.586,90.0,5,6.25,0.002,0.95,0.005595238095238096,0.41646817024713634,0.12922290229168842,1.0146114511458442
A.Becker,GKP,Liverpool,5.5,3.8,2.0,0,0,0,0,0,0,14,3,27,7.0,2.0,5.0,4.0,2.0,2.0,,284.8101265822785,19.2,1.0,2.8,450,96,5,0.0,1.58,5.4,0.0,4.308,90.0,5,4.909090909090909,0.0,0.7345454545454545,0.0,0.4849300192834485,0.5344844352354683,1.0017876721631886
Hall,DEF,Newcastle,5.0,4.1,3.0,1,0,1,1,0,1,0,1,31,11.0,8.0,3.0,10.0,6.0,4.0,1282.857142857143,150.6711409395973,25.456570155902003,1.2026726057906458,0.0,449,127,6,0.35,2.98,6.2,0.7060000000000001,5.836,89.8,5,6.2,0.07015590200445433,0.984,0.19626948775055678,0.5624761017258444,0.03424985606766857,1.0011249280338343
Isak,FWD,Liverpool,9.0,16.5,2.0,1,3,4,0,0,0,0,3,33,7.0,2.0,5.0,4.0,2.0,2.0,375.45454545454544,261.3924050632911,28.983050847457623,1.7433414043583535,0.0,413,133,8,1.1,1.58,6.6,2.402,4.18,82.6,5,3.6666666666666665,0.23970944309927364,0.5288888888888889,0.6706157039086823,0.4849300192834485,0.5344844352354683,1.000391462397003
Semenyo,MID,Man City,8.5,24.2,2.0,2,0,2,2,1,3,0,2,33,18.0,12.0,6.0,9.0,7.0,2.0,5625.0,692.3076923076923,29.4,0.4,0.0,450,147,2,0.08,0.65,6.6,0.908,3.114,90.0,5,3.8823529411764706,0.016,0.5599999999999999,0.04476190476190477,1.0,0.5320631246074443,0.930142857142857
Jacquet,DEF,Liverpool,5.0,2.4,1.0,0,0,0,0,0,0,0,3,24,7.0,2.0,5.0,4.0,2.0,2.0,20750.0,399.0384615384616,24.289156626506024,0.6506024096385542,0.0,415,112,3,0.02,1.04,4.8,0.09,3.7119999999999997,83.0,5,4.8,0.004337349397590362,0.6559999999999999,0.012134251290877798,0.4849300192834485,0.5344844352354683,0.9232422176177341
Barnes,MID,Newcastle,6.0,1.1,2.0,1,0,1,3,0,3,0,1,28,11.0,8.0,3.0,10.0,6.0,4.0,5000.0,151.00671140939596,21.0,0.6,0.0,450,105,3,0.09,2.98,5.6,0.49800000000000005,5.848000000000001,90.0,5,4.666666666666667,0.018,0.6933333333333334,0.05035714285714286,0.5624761017258444,0.03424985606766857,0.9128606832230931
Haaland,FWD,Man City,15.5,67.9,2.0,2,3,5,0,0,0,0,2,39,18.0,12.0,6.0,9.0,7.0,2.0,592.1052631578947,692.3076923076923,33.4,1.8,0.0,450,167,9,0.76,0.65,7.8,2.786,3.114,90.0,5,2.5161290322580645,0.152,0.35354838709677416,0.42523809523809525,1.0,0.5320631246074443,0.894905529953917
Thomas,DEF,Coventry City,4.0,7.9,3.0,0,0,0,0,0,0,0,2,28,4.0,3.0,1.0,10.0,6.0,4.0,18533.333333333336,295.74468085106383,14.73021582733813,0.4856115107913669,0.0,556,91,3,0.03,1.88,3.111111111111111,0.27,2.902222222222222,61.77777777777778,6,7.0,0.004856115107913669,0.7666666666666667,0.013585560123329909,0.0,0.21491616295970997,0.8741247481465217
Virgil,DEF,Liverpool,6.5,19.6,2.0,0,0,0,0,0,0,0,3,25,7.0,2.0,5.0,4.0,2.0,2.0,1730.7692307692307,284.8101265822785,19.2,0.0,0.0,450,96,0,0.26,1.58,5.0,0.302,4.308,90.0,5,3.8461538461538463,0.052000000000000005,0.5846153846153845,0.1454761904761905,0.4849300192834485,0.5344844352354683,0.8518576022331187
Scott,MID,Bournemouth,6.0,1.5,2.0,1,0,1,0,2,2,0,1,30,6.0,3.0,3.0,8.0,4.0,4.0,44600.0,198.22222222222223,26.031390134529147,1.0089686098654709,0.0,446,129,5,0.01,2.25,6.0,0.6220000000000001,4.574,89.2,5,5.0,0.002017937219730942,0.7333333333333333,0.005645419602818707,0.2916784387419358,0.16632684442838203,0.8379612257142792
Mbeumo,MID,Man Utd,8.0,36.0,2.0,1,1,2,1,0,1,0,0,25,12.0,9.0,3.0,8.0,3.0,5.0,616.4383561643835,445.5445544554456,22.0,0.6,0.0,450,110,3,0.73,1.01,5.0,2.686,4.0280000000000005,90.0,5,3.125,0.146,0.475,0.40845238095238096,0.4976552032320939,0.35700419617142254,0.8329828925598042
Cunha,MID,Man Utd,8.0,9.4,2.0,0,1,1,2,0,2,0,1,26,12.0,9.0,3.0,8.0,3.0,5.0,904.4444444444443,402.970297029703,21.00737100737101,0.8845208845208845,0.0,407,95,4,0.45,1.01,5.2,0.9039999999999999,3.012,81.4,5,3.25,0.09950859950859951,0.49,0.2783871533871534,0.4976552032320939,0.35700419617142254,0.7894535401554519
Gibbs-White,MID,Nott'm Forest,8.0,8.6,2.0,0,1,1,0,2,2,0,1,28,8.0,1.0,7.0,11.0,6.0,5.0,2368.4210526315787,957.4468085106384,23.2,1.2,0.0,450,116,6,0.19,0.47,5.6,1.656,2.9679999999999995,90.0,5,3.5,0.038,0.52,0.10630952380952381,0.2679527702094143,0.5697297949097453,0.6616227552875807
B.Fernandes,MID,Man Utd,12.0,48.4,2.0,3,0,3,1,0,1,0,0,31,12.0,9.0,3.0,8.0,3.0,5.0,1323.529411764706,445.5445544554456,29.6,0.6,0.0,450,148,3,0.34,1.01,6.2,2.7039999999999997,4.0280000000000005,90.0,5,2.5833333333333335,0.068,0.37666666666666665,0.19023809523809526,0.4976552032320939,0.35700419617142254,0.6364531306550424
King,GKP,Everton,4.5,0.0,0.0,2,0,2,0,0,0,0,2,24,10.0,5.0,5.0,4.0,2.0,2.0,,,23.08235294117647,0.6352941176470588,0.0,425,109,3,0.0,0.0,2.4,0.58,2.806,42.5,5,5.333333333333333,0.0,0.32,0.0,0.44137737492703416,0.42589547633360764,0.5329477381668039
